file,line,type,commit,author,date,time,timezone,datetime,depth,length
style.css,1,css,70d65621,mmzhang7,2025-10-11,23:36:59,-07:00,2025-10-11T23:36:59-07:00,NaN,7
style.css,2,css,b53ff7ef,mmzhang7,2025-10-31,23:56:53,-07:00,2025-10-31T23:56:53-07:00,NaN,35
style.css,3,css,b53ff7ef,mmzhang7,2025-10-31,23:56:53,-07:00,2025-10-31T23:56:53-07:00,NaN,41
style.css,4,css,b53ff7ef,mmzhang7,2025-10-31,23:56:53,-07:00,2025-10-31T23:56:53-07:00,NaN,34
style.css,5,css,b53ff7ef,mmzhang7,2025-10-31,23:56:53,-07:00,2025-10-31T23:56:53-07:00,NaN,45
style.css,6,css,b53ff7ef,mmzhang7,2025-10-31,23:56:53,-07:00,2025-10-31T23:56:53-07:00,NaN,45
style.css,7,css,b53ff7ef,mmzhang7,2025-10-31,23:56:53,-07:00,2025-10-31T23:56:53-07:00,NaN,58
style.css,8,css,b53ff7ef,mmzhang7,2025-10-31,23:56:53,-07:00,2025-10-31T23:56:53-07:00,NaN,32
style.css,9,css,b53ff7ef,mmzhang7,2025-10-31,23:56:53,-07:00,2025-10-31T23:56:53-07:00,NaN,1
style.css,10,css,b53ff7ef,mmzhang7,2025-10-31,23:56:53,-07:00,2025-10-31T23:56:53-07:00,NaN,0
style.css,11,css,b53ff7ef,mmzhang7,2025-10-31,23:56:53,-07:00,2025-10-31T23:56:53-07:00,NaN,25
style.css,12,css,b53ff7ef,mmzhang7,2025-10-31,23:56:53,-07:00,2025-10-31T23:56:53-07:00,NaN,0
style.css,13,css,b53ff7ef,mmzhang7,2025-10-31,23:56:53,-07:00,2025-10-31T23:56:53-07:00,NaN,34
style.css,14,css,b53ff7ef,mmzhang7,2025-10-31,23:56:53,-07:00,2025-10-31T23:56:53-07:00,NaN,56
style.css,15,css,b53ff7ef,mmzhang7,2025-10-31,23:56:53,-07:00,2025-10-31T23:56:53-07:00,NaN,57
style.css,16,css,b53ff7ef,mmzhang7,2025-10-31,23:56:53,-07:00,2025-10-31T23:56:53-07:00,NaN,37
style.css,17,css,b53ff7ef,mmzhang7,2025-10-31,23:56:53,-07:00,2025-10-31T23:56:53-07:00,NaN,34
style.css,18,css,70d65621,mmzhang7,2025-10-11,23:36:59,-07:00,2025-10-11T23:36:59-07:00,NaN,1
style.css,19,css,70d65621,mmzhang7,2025-10-11,23:36:59,-07:00,2025-10-11T23:36:59-07:00,NaN,0
style.css,20,css,70d65621,mmzhang7,2025-10-11,23:36:59,-07:00,2025-10-11T23:36:59-07:00,NaN,6
style.css,21,css,70d65621,mmzhang7,2025-10-11,23:36:59,-07:00,2025-10-11T23:36:59-07:00,NaN,34
style.css,22,css,b53ff7ef,mmzhang7,2025-10-31,23:56:53,-07:00,2025-10-31T23:56:53-07:00,NaN,25
style.css,23,css,70d65621,mmzhang7,2025-10-11,23:36:59,-07:00,2025-10-11T23:36:59-07:00,NaN,1
style.css,24,css,70d65621,mmzhang7,2025-10-11,23:36:59,-07:00,2025-10-11T23:36:59-07:00,NaN,0
style.css,25,css,70d65621,mmzhang7,2025-10-11,23:36:59,-07:00,2025-10-11T23:36:59-07:00,NaN,0
style.css,26,css,bd512a22,mmzhang7,2025-10-03,23:06:14,-07:00,2025-10-03T23:06:14-07:00,NaN,6
style.css,27,css,b53ff7ef,mmzhang7,2025-10-31,23:56:53,-07:00,2025-10-31T23:56:53-07:00,NaN,25
style.css,28,css,b53ff7ef,mmzhang7,2025-10-31,23:56:53,-07:00,2025-10-31T23:56:53-07:00,NaN,19
style.css,29,css,b53ff7ef,mmzhang7,2025-10-31,23:56:53,-07:00,2025-10-31T23:56:53-07:00,NaN,17
style.css,30,css,b53ff7ef,mmzhang7,2025-10-31,23:56:53,-07:00,2025-10-31T23:56:53-07:00,NaN,20
style.css,31,css,b53ff7ef,mmzhang7,2025-10-31,23:56:53,-07:00,2025-10-31T23:56:53-07:00,NaN,19
style.css,32,css,b53ff7ef,mmzhang7,2025-10-31,23:56:53,-07:00,2025-10-31T23:56:53-07:00,NaN,0
style.css,33,css,bd512a22,mmzhang7,2025-10-03,23:06:14,-07:00,2025-10-03T23:06:14-07:00,NaN,45
style.css,34,css,bd512a22,mmzhang7,2025-10-03,23:06:14,-07:00,2025-10-03T23:06:14-07:00,NaN,44
style.css,35,css,bd512a22,mmzhang7,2025-10-03,23:06:14,-07:00,2025-10-03T23:06:14-07:00,NaN,2
style.css,36,css,bd512a22,mmzhang7,2025-10-03,23:06:14,-07:00,2025-10-03T23:06:14-07:00,NaN,25
style.css,37,css,70d65621,mmzhang7,2025-10-11,23:36:59,-07:00,2025-10-11T23:36:59-07:00,NaN,1
style.css,38,css,b53ff7ef,mmzhang7,2025-10-31,23:56:53,-07:00,2025-10-31T23:56:53-07:00,NaN,0
style.css,39,css,70d65621,mmzhang7,2025-10-11,23:36:59,-07:00,2025-10-11T23:36:59-07:00,NaN,5
style.css,40,css,70d65621,mmzhang7,2025-10-11,23:36:59,-07:00,2025-10-11T23:36:59-07:00,NaN,14
style.css,41,css,b53ff7ef,mmzhang7,2025-10-31,23:56:53,-07:00,2025-10-31T23:56:53-07:00,NaN,21
style.css,42,css,b53ff7ef,mmzhang7,2025-10-31,23:56:53,-07:00,2025-10-31T23:56:53-07:00,NaN,45
style.css,43,css,70d65621,mmzhang7,2025-10-11,23:36:59,-07:00,2025-10-11T23:36:59-07:00,NaN,1
style.css,44,css,b53ff7ef,mmzhang7,2025-10-31,23:56:53,-07:00,2025-10-31T23:56:53-07:00,NaN,0
style.css,45,css,b53ff7ef,mmzhang7,2025-10-31,23:56:53,-07:00,2025-10-31T23:56:53-07:00,NaN,7
style.css,46,css,b53ff7ef,mmzhang7,2025-10-31,23:56:53,-07:00,2025-10-31T23:56:53-07:00,NaN,8
style.css,47,css,b53ff7ef,mmzhang7,2025-10-31,23:56:53,-07:00,2025-10-31T23:56:53-07:00,NaN,8
style.css,48,css,70d65621,mmzhang7,2025-10-11,23:36:59,-07:00,2025-10-11T23:36:59-07:00,NaN,18
style.css,49,css,70d65621,mmzhang7,2025-10-11,23:36:59,-07:00,2025-10-11T23:36:59-07:00,NaN,1
style.css,50,css,70d65621,mmzhang7,2025-10-11,23:36:59,-07:00,2025-10-11T23:36:59-07:00,NaN,0
style.css,51,css,70d65621,mmzhang7,2025-10-11,23:36:59,-07:00,2025-10-11T23:36:59-07:00,NaN,7
style.css,52,css,70d65621,mmzhang7,2025-10-11,23:36:59,-07:00,2025-10-11T23:36:59-07:00,NaN,8
style.css,53,css,b53ff7ef,mmzhang7,2025-10-31,23:56:53,-07:00,2025-10-31T23:56:53-07:00,NaN,22
style.css,54,css,b53ff7ef,mmzhang7,2025-10-31,23:56:53,-07:00,2025-10-31T23:56:53-07:00,NaN,27
style.css,55,css,70d65621,mmzhang7,2025-10-11,23:36:59,-07:00,2025-10-11T23:36:59-07:00,NaN,15
style.css,56,css,70d65621,mmzhang7,2025-10-11,23:36:59,-07:00,2025-10-11T23:36:59-07:00,NaN,1
style.css,57,css,70d65621,mmzhang7,2025-10-11,23:36:59,-07:00,2025-10-11T23:36:59-07:00,NaN,0
style.css,58,css,70d65621,mmzhang7,2025-10-11,23:36:59,-07:00,2025-10-11T23:36:59-07:00,NaN,15
style.css,59,css,b53ff7ef,mmzhang7,2025-10-31,23:56:53,-07:00,2025-10-31T23:56:53-07:00,NaN,47
style.css,60,css,b53ff7ef,mmzhang7,2025-10-31,23:56:53,-07:00,2025-10-31T23:56:53-07:00,NaN,27
style.css,61,css,70d65621,mmzhang7,2025-10-11,23:36:59,-07:00,2025-10-11T23:36:59-07:00,NaN,22
style.css,62,css,70d65621,mmzhang7,2025-10-11,23:36:59,-07:00,2025-10-11T23:36:59-07:00,NaN,18
style.css,63,css,70d65621,mmzhang7,2025-10-11,23:36:59,-07:00,2025-10-11T23:36:59-07:00,NaN,1
style.css,64,css,70d65621,mmzhang7,2025-10-11,23:36:59,-07:00,2025-10-11T23:36:59-07:00,NaN,0
style.css,65,css,70d65621,mmzhang7,2025-10-11,23:36:59,-07:00,2025-10-11T23:36:59-07:00,NaN,13
style.css,66,css,70d65621,mmzhang7,2025-10-11,23:36:59,-07:00,2025-10-11T23:36:59-07:00,NaN,47
style.css,67,css,b53ff7ef,mmzhang7,2025-10-31,23:56:53,-07:00,2025-10-31T23:56:53-07:00,NaN,27
style.css,68,css,b53ff7ef,mmzhang7,2025-10-31,23:56:53,-07:00,2025-10-31T23:56:53-07:00,NaN,42
style.css,69,css,70d65621,mmzhang7,2025-10-11,23:36:59,-07:00,2025-10-11T23:36:59-07:00,NaN,1
style.css,70,css,70d65621,mmzhang7,2025-10-11,23:36:59,-07:00,2025-10-11T23:36:59-07:00,NaN,0
style.css,71,css,b53ff7ef,mmzhang7,2025-10-31,23:56:53,-07:00,2025-10-31T23:56:53-07:00,NaN,5
style.css,72,css,b53ff7ef,mmzhang7,2025-10-31,23:56:53,-07:00,2025-10-31T23:56:53-07:00,NaN,6
style.css,73,css,b53ff7ef,mmzhang7,2025-10-31,23:56:53,-07:00,2025-10-31T23:56:53-07:00,NaN,9
style.css,74,css,b53ff7ef,mmzhang7,2025-10-31,23:56:53,-07:00,2025-10-31T23:56:53-07:00,NaN,8
style.css,75,css,70d65621,mmzhang7,2025-10-11,23:36:59,-07:00,2025-10-11T23:36:59-07:00,NaN,14
style.css,76,css,70d65621,mmzhang7,2025-10-11,23:36:59,-07:00,2025-10-11T23:36:59-07:00,NaN,1
style.css,77,css,70d65621,mmzhang7,2025-10-11,23:36:59,-07:00,2025-10-11T23:36:59-07:00,NaN,0
style.css,78,css,70d65621,mmzhang7,2025-10-11,23:36:59,-07:00,2025-10-11T23:36:59-07:00,NaN,6
style.css,79,css,70d65621,mmzhang7,2025-10-11,23:36:59,-07:00,2025-10-11T23:36:59-07:00,NaN,14
style.css,80,css,b53ff7ef,mmzhang7,2025-10-31,23:56:53,-07:00,2025-10-31T23:56:53-07:00,NaN,32
style.css,81,css,b53ff7ef,mmzhang7,2025-10-31,23:56:53,-07:00,2025-10-31T23:56:53-07:00,NaN,9
style.css,82,css,b53ff7ef,mmzhang7,2025-10-31,23:56:53,-07:00,2025-10-31T23:56:53-07:00,NaN,20
style.css,83,css,70d65621,mmzhang7,2025-10-11,23:36:59,-07:00,2025-10-11T23:36:59-07:00,NaN,1
style.css,84,css,70d65621,mmzhang7,2025-10-11,23:36:59,-07:00,2025-10-11T23:36:59-07:00,NaN,0
style.css,85,css,b53ff7ef,mmzhang7,2025-10-31,23:56:53,-07:00,2025-10-31T23:56:53-07:00,NaN,13
style.css,86,css,70d65621,mmzhang7,2025-10-11,23:36:59,-07:00,2025-10-11T23:36:59-07:00,NaN,14
style.css,87,css,b53ff7ef,mmzhang7,2025-10-31,23:56:53,-07:00,2025-10-31T23:56:53-07:00,NaN,27
style.css,88,css,b53ff7ef,mmzhang7,2025-10-31,23:56:53,-07:00,2025-10-31T23:56:53-07:00,NaN,20
style.css,89,css,b53ff7ef,mmzhang7,2025-10-31,23:56:53,-07:00,2025-10-31T23:56:53-07:00,NaN,20
style.css,90,css,70d65621,mmzhang7,2025-10-11,23:36:59,-07:00,2025-10-11T23:36:59-07:00,NaN,21
style.css,91,css,70d65621,mmzhang7,2025-10-11,23:36:59,-07:00,2025-10-11T23:36:59-07:00,NaN,1
style.css,92,css,70d65621,mmzhang7,2025-10-11,23:36:59,-07:00,2025-10-11T23:36:59-07:00,NaN,0
style.css,93,css,70d65621,mmzhang7,2025-10-11,23:36:59,-07:00,2025-10-11T23:36:59-07:00,NaN,11
style.css,94,css,b53ff7ef,mmzhang7,2025-10-31,23:56:53,-07:00,2025-10-31T23:56:53-07:00,NaN,14
style.css,95,css,b53ff7ef,mmzhang7,2025-10-31,23:56:53,-07:00,2025-10-31T23:56:53-07:00,NaN,59
style.css,96,css,b53ff7ef,mmzhang7,2025-10-31,23:56:53,-07:00,2025-10-31T23:56:53-07:00,NaN,9
style.css,97,css,70d65621,mmzhang7,2025-10-11,23:36:59,-07:00,2025-10-11T23:36:59-07:00,NaN,1
style.css,98,css,70d65621,mmzhang7,2025-10-11,23:36:59,-07:00,2025-10-11T23:36:59-07:00,NaN,0
style.css,99,css,70d65621,mmzhang7,2025-10-11,23:36:59,-07:00,2025-10-11T23:36:59-07:00,NaN,19
style.css,100,css,b53ff7ef,mmzhang7,2025-10-31,23:56:53,-07:00,2025-10-31T23:56:53-07:00,NaN,14
style.css,101,css,b53ff7ef,mmzhang7,2025-10-31,23:56:53,-07:00,2025-10-31T23:56:53-07:00,NaN,28
style.css,102,css,b53ff7ef,mmzhang7,2025-10-31,23:56:53,-07:00,2025-10-31T23:56:53-07:00,NaN,17
style.css,103,css,b53ff7ef,mmzhang7,2025-10-31,23:56:53,-07:00,2025-10-31T23:56:53-07:00,NaN,38
style.css,104,css,b53ff7ef,mmzhang7,2025-10-31,23:56:53,-07:00,2025-10-31T23:56:53-07:00,NaN,19
style.css,105,css,b53ff7ef,mmzhang7,2025-10-31,23:56:53,-07:00,2025-10-31T23:56:53-07:00,NaN,13
style.css,106,css,b53ff7ef,mmzhang7,2025-10-31,23:56:53,-07:00,2025-10-31T23:56:53-07:00,NaN,41
style.css,107,css,b53ff7ef,mmzhang7,2025-10-31,23:56:53,-07:00,2025-10-31T23:56:53-07:00,NaN,9
style.css,108,css,00000000,Not Committed Yet,2025-11-07,19:54:19,-08:00,2025-11-07T19:54:19-08:00,NaN,18
style.css,109,css,00000000,Not Committed Yet,2025-11-07,19:54:19,-08:00,2025-11-07T19:54:19-08:00,NaN,19
style.css,110,css,70d65621,mmzhang7,2025-10-11,23:36:59,-07:00,2025-10-11T23:36:59-07:00,NaN,1
style.css,111,css,70d65621,mmzhang7,2025-10-11,23:36:59,-07:00,2025-10-11T23:36:59-07:00,NaN,0
style.css,112,css,70d65621,mmzhang7,2025-10-11,23:36:59,-07:00,2025-10-11T23:36:59-07:00,NaN,14
style.css,113,css,b53ff7ef,mmzhang7,2025-10-31,23:56:53,-07:00,2025-10-31T23:56:53-07:00,NaN,10
style.css,114,css,70d65621,mmzhang7,2025-10-11,23:36:59,-07:00,2025-10-11T23:36:59-07:00,NaN,1
style.css,115,css,70d65621,mmzhang7,2025-10-11,23:36:59,-07:00,2025-10-11T23:36:59-07:00,NaN,0
style.css,116,css,00000000,Not Committed Yet,2025-11-07,19:54:19,-08:00,2025-11-07T19:54:19-08:00,NaN,16
style.css,117,css,b53ff7ef,mmzhang7,2025-10-31,23:56:53,-07:00,2025-10-31T23:56:53-07:00,NaN,12
style.css,118,css,00000000,Not Committed Yet,2025-11-07,19:54:19,-08:00,2025-11-07T19:54:19-08:00,NaN,21
style.css,119,css,00000000,Not Committed Yet,2025-11-07,19:54:19,-08:00,2025-11-07T19:54:19-08:00,NaN,17
style.css,120,css,00000000,Not Committed Yet,2025-11-07,19:54:19,-08:00,2025-11-07T19:54:19-08:00,NaN,21
style.css,121,css,00000000,Not Committed Yet,2025-11-07,19:54:19,-08:00,2025-11-07T19:54:19-08:00,NaN,19
style.css,122,css,00000000,Not Committed Yet,2025-11-07,19:54:19,-08:00,2025-11-07T19:54:19-08:00,NaN,19
style.css,123,css,00000000,Not Committed Yet,2025-11-07,19:54:19,-08:00,2025-11-07T19:54:19-08:00,NaN,11
style.css,124,css,00000000,Not Committed Yet,2025-11-07,19:54:19,-08:00,2025-11-07T19:54:19-08:00,NaN,1
style.css,125,css,00000000,Not Committed Yet,2025-11-07,19:54:19,-08:00,2025-11-07T19:54:19-08:00,NaN,0
style.css,126,css,00000000,Not Committed Yet,2025-11-07,19:54:19,-08:00,2025-11-07T19:54:19-08:00,NaN,24
style.css,127,css,00000000,Not Committed Yet,2025-11-07,19:54:19,-08:00,2025-11-07T19:54:19-08:00,NaN,12
style.css,128,css,00000000,Not Committed Yet,2025-11-07,19:54:19,-08:00,2025-11-07T19:54:19-08:00,NaN,19
style.css,129,css,00000000,Not Committed Yet,2025-11-07,19:54:19,-08:00,2025-11-07T19:54:19-08:00,NaN,9
style.css,130,css,00000000,Not Committed Yet,2025-11-07,19:54:19,-08:00,2025-11-07T19:54:19-08:00,NaN,23
style.css,131,css,00000000,Not Committed Yet,2025-11-07,19:54:19,-08:00,2025-11-07T19:54:19-08:00,NaN,20
style.css,132,css,00000000,Not Committed Yet,2025-11-07,19:54:19,-08:00,2025-11-07T19:54:19-08:00,NaN,11
style.css,133,css,00000000,Not Committed Yet,2025-11-07,19:54:19,-08:00,2025-11-07T19:54:19-08:00,NaN,21
style.css,134,css,00000000,Not Committed Yet,2025-11-07,19:54:19,-08:00,2025-11-07T19:54:19-08:00,NaN,1
style.css,135,css,00000000,Not Committed Yet,2025-11-07,19:54:19,-08:00,2025-11-07T19:54:19-08:00,NaN,0
style.css,136,css,00000000,Not Committed Yet,2025-11-07,19:54:19,-08:00,2025-11-07T19:54:19-08:00,NaN,20
style.css,137,css,00000000,Not Committed Yet,2025-11-07,19:54:19,-08:00,2025-11-07T19:54:19-08:00,NaN,12
style.css,138,css,00000000,Not Committed Yet,2025-11-07,19:54:19,-08:00,2025-11-07T19:54:19-08:00,NaN,13
style.css,139,css,00000000,Not Committed Yet,2025-11-07,19:54:19,-08:00,2025-11-07T19:54:19-08:00,NaN,18
style.css,140,css,00000000,Not Committed Yet,2025-11-07,19:54:19,-08:00,2025-11-07T19:54:19-08:00,NaN,54
style.css,141,css,00000000,Not Committed Yet,2025-11-07,19:54:19,-08:00,2025-11-07T19:54:19-08:00,NaN,25
style.css,142,css,00000000,Not Committed Yet,2025-11-07,19:54:19,-08:00,2025-11-07T19:54:19-08:00,NaN,19
style.css,143,css,00000000,Not Committed Yet,2025-11-07,19:54:19,-08:00,2025-11-07T19:54:19-08:00,NaN,11
style.css,144,css,00000000,Not Committed Yet,2025-11-07,19:54:19,-08:00,2025-11-07T19:54:19-08:00,NaN,23
style.css,145,css,00000000,Not Committed Yet,2025-11-07,19:54:19,-08:00,2025-11-07T19:54:19-08:00,NaN,1
style.css,146,css,00000000,Not Committed Yet,2025-11-07,19:54:19,-08:00,2025-11-07T19:54:19-08:00,NaN,0
style.css,147,css,00000000,Not Committed Yet,2025-11-07,19:54:19,-08:00,2025-11-07T19:54:19-08:00,NaN,22
style.css,148,css,00000000,Not Committed Yet,2025-11-07,19:54:19,-08:00,2025-11-07T19:54:19-08:00,NaN,18
style.css,149,css,00000000,Not Committed Yet,2025-11-07,19:54:19,-08:00,2025-11-07T19:54:19-08:00,NaN,12
style.css,150,css,00000000,Not Committed Yet,2025-11-07,19:54:19,-08:00,2025-11-07T19:54:19-08:00,NaN,1
style.css,151,css,70d65621,mmzhang7,2025-10-11,23:36:59,-07:00,2025-10-11T23:36:59-07:00,NaN,0
style.css,152,css,00000000,Not Committed Yet,2025-11-07,19:54:19,-08:00,2025-11-07T19:54:19-08:00,NaN,26
style.css,153,css,00000000,Not Committed Yet,2025-11-07,19:54:19,-08:00,2025-11-07T19:54:19-08:00,NaN,23
style.css,154,css,00000000,Not Committed Yet,2025-11-07,19:54:19,-08:00,2025-11-07T19:54:19-08:00,NaN,42
style.css,155,css,70d65621,mmzhang7,2025-10-11,23:36:59,-07:00,2025-10-11T23:36:59-07:00,NaN,1
style.css,156,css,70d65621,mmzhang7,2025-10-11,23:36:59,-07:00,2025-10-11T23:36:59-07:00,NaN,0
style.css,157,css,b53ff7ef,mmzhang7,2025-10-31,23:56:53,-07:00,2025-10-31T23:56:53-07:00,NaN,25
style.css,158,css,b53ff7ef,mmzhang7,2025-10-31,23:56:53,-07:00,2025-10-31T23:56:53-07:00,NaN,22
style.css,159,css,b53ff7ef,mmzhang7,2025-10-31,23:56:53,-07:00,2025-10-31T23:56:53-07:00,NaN,36
style.css,160,css,b53ff7ef,mmzhang7,2025-10-31,23:56:53,-07:00,2025-10-31T23:56:53-07:00,NaN,23
style.css,161,css,b53ff7ef,mmzhang7,2025-10-31,23:56:53,-07:00,2025-10-31T23:56:53-07:00,NaN,20
style.css,162,css,b53ff7ef,mmzhang7,2025-10-31,23:56:53,-07:00,2025-10-31T23:56:53-07:00,NaN,38
style.css,163,css,b53ff7ef,mmzhang7,2025-10-31,23:56:53,-07:00,2025-10-31T23:56:53-07:00,NaN,18
style.css,164,css,b53ff7ef,mmzhang7,2025-10-31,23:56:53,-07:00,2025-10-31T23:56:53-07:00,NaN,17
style.css,165,css,b53ff7ef,mmzhang7,2025-10-31,23:56:53,-07:00,2025-10-31T23:56:53-07:00,NaN,27
style.css,166,css,70d65621,mmzhang7,2025-10-11,23:36:59,-07:00,2025-10-11T23:36:59-07:00,NaN,0
style.css,167,css,70d65621,mmzhang7,2025-10-11,23:36:59,-07:00,2025-10-11T23:36:59-07:00,NaN,1
style.css,168,css,70d65621,mmzhang7,2025-10-11,23:36:59,-07:00,2025-10-11T23:36:59-07:00,NaN,0
style.css,169,css,70d65621,mmzhang7,2025-10-11,23:36:59,-07:00,2025-10-11T23:36:59-07:00,NaN,0
style.css,170,css,b53ff7ef,mmzhang7,2025-10-31,23:56:53,-07:00,2025-10-31T23:56:53-07:00,NaN,4
style.css,171,css,b53ff7ef,mmzhang7,2025-10-31,23:56:53,-07:00,2025-10-31T23:56:53-07:00,NaN,16
style.css,172,css,b53ff7ef,mmzhang7,2025-10-31,23:56:53,-07:00,2025-10-31T23:56:53-07:00,NaN,17
style.css,173,css,b53ff7ef,mmzhang7,2025-10-31,23:56:53,-07:00,2025-10-31T23:56:53-07:00,NaN,19
style.css,174,css,70d65621,mmzhang7,2025-10-11,23:36:59,-07:00,2025-10-11T23:36:59-07:00,NaN,1
style.css,175,css,70d65621,mmzhang7,2025-10-11,23:36:59,-07:00,2025-10-11T23:36:59-07:00,NaN,0
style.css,176,css,b53ff7ef,mmzhang7,2025-10-31,23:56:53,-07:00,2025-10-31T23:56:53-07:00,NaN,3
style.css,177,css,b53ff7ef,mmzhang7,2025-10-31,23:56:53,-07:00,2025-10-31T23:56:53-07:00,NaN,3
style.css,178,css,b53ff7ef,mmzhang7,2025-10-31,23:56:53,-07:00,2025-10-31T23:56:53-07:00,NaN,3
style.css,179,css,b53ff7ef,mmzhang7,2025-10-31,23:56:53,-07:00,2025-10-31T23:56:53-07:00,NaN,3
style.css,180,css,b53ff7ef,mmzhang7,2025-10-31,23:56:53,-07:00,2025-10-31T23:56:53-07:00,NaN,4
style.css,181,css,b53ff7ef,mmzhang7,2025-10-31,23:56:53,-07:00,2025-10-31T23:56:53-07:00,NaN,17
style.css,182,css,b53ff7ef,mmzhang7,2025-10-31,23:56:53,-07:00,2025-10-31T23:56:53-07:00,NaN,19
style.css,183,css,70d65621,mmzhang7,2025-10-11,23:36:59,-07:00,2025-10-11T23:36:59-07:00,NaN,1
style.css,184,css,70d65621,mmzhang7,2025-10-11,23:36:59,-07:00,2025-10-11T23:36:59-07:00,NaN,0
style.css,185,css,b53ff7ef,mmzhang7,2025-10-31,23:56:53,-07:00,2025-10-31T23:56:53-07:00,NaN,0
style.css,186,css,b53ff7ef,mmzhang7,2025-10-31,23:56:53,-07:00,2025-10-31T23:56:53-07:00,NaN,9
style.css,187,css,b53ff7ef,mmzhang7,2025-10-31,23:56:53,-07:00,2025-10-31T23:56:53-07:00,NaN,14
style.css,188,css,b53ff7ef,mmzhang7,2025-10-31,23:56:53,-07:00,2025-10-31T23:56:53-07:00,NaN,15
style.css,189,css,70d65621,mmzhang7,2025-10-11,23:36:59,-07:00,2025-10-11T23:36:59-07:00,NaN,1
style.css,190,css,70d65621,mmzhang7,2025-10-11,23:36:59,-07:00,2025-10-11T23:36:59-07:00,NaN,0
style.css,191,css,b53ff7ef,mmzhang7,2025-10-31,23:56:53,-07:00,2025-10-31T23:56:53-07:00,NaN,12
style.css,192,css,b53ff7ef,mmzhang7,2025-10-31,23:56:53,-07:00,2025-10-31T23:56:53-07:00,NaN,15
style.css,193,css,b53ff7ef,mmzhang7,2025-10-31,23:56:53,-07:00,2025-10-31T23:56:53-07:00,NaN,45
style.css,194,css,b53ff7ef,mmzhang7,2025-10-31,23:56:53,-07:00,2025-10-31T23:56:53-07:00,NaN,22
style.css,195,css,b53ff7ef,mmzhang7,2025-10-31,23:56:53,-07:00,2025-10-31T23:56:53-07:00,NaN,19
style.css,196,css,70d65621,mmzhang7,2025-10-11,23:36:59,-07:00,2025-10-11T23:36:59-07:00,NaN,1
style.css,197,css,70d65621,mmzhang7,2025-10-11,23:36:59,-07:00,2025-10-11T23:36:59-07:00,NaN,0
style.css,198,css,70d65621,mmzhang7,2025-10-11,23:36:59,-07:00,2025-10-11T23:36:59-07:00,NaN,13
style.css,199,css,b53ff7ef,mmzhang7,2025-10-31,23:56:53,-07:00,2025-10-31T23:56:53-07:00,NaN,18
style.css,200,css,b53ff7ef,mmzhang7,2025-10-31,23:56:53,-07:00,2025-10-31T23:56:53-07:00,NaN,19
style.css,201,css,b53ff7ef,mmzhang7,2025-10-31,23:56:53,-07:00,2025-10-31T23:56:53-07:00,NaN,20
style.css,202,css,b53ff7ef,mmzhang7,2025-10-31,23:56:53,-07:00,2025-10-31T23:56:53-07:00,NaN,10
style.css,203,css,b53ff7ef,mmzhang7,2025-10-31,23:56:53,-07:00,2025-10-31T23:56:53-07:00,NaN,27
style.css,204,css,70d65621,mmzhang7,2025-10-11,23:36:59,-07:00,2025-10-11T23:36:59-07:00,NaN,1
style.css,205,css,70d65621,mmzhang7,2025-10-11,23:36:59,-07:00,2025-10-11T23:36:59-07:00,NaN,0
style.css,206,css,b53ff7ef,mmzhang7,2025-10-31,23:56:53,-07:00,2025-10-31T23:56:53-07:00,NaN,27
style.css,207,css,b53ff7ef,mmzhang7,2025-10-31,23:56:53,-07:00,2025-10-31T23:56:53-07:00,NaN,9
style.css,208,css,b53ff7ef,mmzhang7,2025-10-31,23:56:53,-07:00,2025-10-31T23:56:53-07:00,NaN,27
style.css,209,css,713cd221,mmzhang7,2025-10-17,22:20:06,-07:00,2025-10-17T22:20:06-07:00,NaN,1
style.css,210,css,70d65621,mmzhang7,2025-10-11,23:36:59,-07:00,2025-10-11T23:36:59-07:00,NaN,0
style.css,211,css,b53ff7ef,mmzhang7,2025-10-31,23:56:53,-07:00,2025-10-31T23:56:53-07:00,NaN,23
style.css,212,css,b53ff7ef,mmzhang7,2025-10-31,23:56:53,-07:00,2025-10-31T23:56:53-07:00,NaN,28
style.css,213,css,b53ff7ef,mmzhang7,2025-10-31,23:56:53,-07:00,2025-10-31T23:56:53-07:00,NaN,18
style.css,214,css,b53ff7ef,mmzhang7,2025-10-31,23:56:53,-07:00,2025-10-31T23:56:53-07:00,NaN,1
style.css,215,css,70d65621,mmzhang7,2025-10-11,23:36:59,-07:00,2025-10-11T23:36:59-07:00,NaN,1
style.css,216,css,70d65621,mmzhang7,2025-10-11,23:36:59,-07:00,2025-10-11T23:36:59-07:00,NaN,0
style.css,217,css,70d65621,mmzhang7,2025-10-11,23:36:59,-07:00,2025-10-11T23:36:59-07:00,NaN,0
style.css,218,css,b53ff7ef,mmzhang7,2025-10-31,23:56:53,-07:00,2025-10-31T23:56:53-07:00,NaN,11
style.css,219,css,b53ff7ef,mmzhang7,2025-10-31,23:56:53,-07:00,2025-10-31T23:56:53-07:00,NaN,16
style.css,220,css,b53ff7ef,mmzhang7,2025-10-31,23:56:53,-07:00,2025-10-31T23:56:53-07:00,NaN,14
style.css,221,css,b53ff7ef,mmzhang7,2025-10-31,23:56:53,-07:00,2025-10-31T23:56:53-07:00,NaN,60
style.css,222,css,b53ff7ef,mmzhang7,2025-10-31,23:56:53,-07:00,2025-10-31T23:56:53-07:00,NaN,15
style.css,223,css,b53ff7ef,mmzhang7,2025-10-31,23:56:53,-07:00,2025-10-31T23:56:53-07:00,NaN,10
style.css,224,css,b53ff7ef,mmzhang7,2025-10-31,23:56:53,-07:00,2025-10-31T23:56:53-07:00,NaN,11
style.css,225,css,b53ff7ef,mmzhang7,2025-10-31,23:56:53,-07:00,2025-10-31T23:56:53-07:00,NaN,22
style.css,226,css,70d65621,mmzhang7,2025-10-11,23:36:59,-07:00,2025-10-11T23:36:59-07:00,NaN,1
style.css,227,css,70d65621,mmzhang7,2025-10-11,23:36:59,-07:00,2025-10-11T23:36:59-07:00,NaN,0
style.css,228,css,b53ff7ef,mmzhang7,2025-10-31,23:56:53,-07:00,2025-10-31T23:56:53-07:00,NaN,11
style.css,229,css,b53ff7ef,mmzhang7,2025-10-31,23:56:53,-07:00,2025-10-31T23:56:53-07:00,NaN,16
style.css,230,css,b53ff7ef,mmzhang7,2025-10-31,23:56:53,-07:00,2025-10-31T23:56:53-07:00,NaN,41
style.css,231,css,b53ff7ef,mmzhang7,2025-10-31,23:56:53,-07:00,2025-10-31T23:56:53-07:00,NaN,21
style.css,232,css,b53ff7ef,mmzhang7,2025-10-31,23:56:53,-07:00,2025-10-31T23:56:53-07:00,NaN,19
style.css,233,css,b53ff7ef,mmzhang7,2025-10-31,23:56:53,-07:00,2025-10-31T23:56:53-07:00,NaN,18
style.css,234,css,9ca3a91d,mmzhang7,2025-10-17,22:09:19,-07:00,2025-10-17T22:09:19-07:00,NaN,1
style.css,235,css,9ca3a91d,mmzhang7,2025-10-17,22:09:19,-07:00,2025-10-17T22:09:19-07:00,NaN,0
style.css,236,css,9ca3a91d,mmzhang7,2025-10-17,22:09:19,-07:00,2025-10-17T22:09:19-07:00,NaN,15
style.css,237,css,9ca3a91d,mmzhang7,2025-10-17,22:09:19,-07:00,2025-10-17T22:09:19-07:00,NaN,19
style.css,238,css,9ca3a91d,mmzhang7,2025-10-17,22:09:19,-07:00,2025-10-17T22:09:19-07:00,NaN,10
style.css,239,css,9ca3a91d,mmzhang7,2025-10-17,22:09:19,-07:00,2025-10-17T22:09:19-07:00,NaN,12
style.css,240,css,9ca3a91d,mmzhang7,2025-10-17,22:09:19,-07:00,2025-10-17T22:09:19-07:00,NaN,15
style.css,241,css,9ca3a91d,mmzhang7,2025-10-17,22:09:19,-07:00,2025-10-17T22:09:19-07:00,NaN,21
style.css,242,css,9ca3a91d,mmzhang7,2025-10-17,22:09:19,-07:00,2025-10-17T22:09:19-07:00,NaN,1
style.css,243,css,9ca3a91d,mmzhang7,2025-10-17,22:09:19,-07:00,2025-10-17T22:09:19-07:00,NaN,0
style.css,244,css,9ca3a91d,mmzhang7,2025-10-17,22:09:19,-07:00,2025-10-17T22:09:19-07:00,NaN,22
style.css,245,css,b53ff7ef,mmzhang7,2025-10-31,23:56:53,-07:00,2025-10-31T23:56:53-07:00,NaN,45
style.css,246,css,b53ff7ef,mmzhang7,2025-10-31,23:56:53,-07:00,2025-10-31T23:56:53-07:00,NaN,27
style.css,247,css,b53ff7ef,mmzhang7,2025-10-31,23:56:53,-07:00,2025-10-31T23:56:53-07:00,NaN,21
style.css,248,css,1567f659,mmzhang7,2025-10-24,21:55:17,-07:00,2025-10-24T21:55:17-07:00,NaN,1
style.css,249,css,1567f659,mmzhang7,2025-10-24,21:55:17,-07:00,2025-10-24T21:55:17-07:00,NaN,0
style.css,250,css,1567f659,mmzhang7,2025-10-24,21:55:17,-07:00,2025-10-24T21:55:17-07:00,NaN,23
style.css,251,css,1567f659,mmzhang7,2025-10-24,21:55:17,-07:00,2025-10-24T21:55:17-07:00,NaN,15
style.css,252,css,1567f659,mmzhang7,2025-10-24,21:55:17,-07:00,2025-10-24T21:55:17-07:00,NaN,16
style.css,253,css,1567f659,mmzhang7,2025-10-24,21:55:17,-07:00,2025-10-24T21:55:17-07:00,NaN,20
style.css,254,css,1567f659,mmzhang7,2025-10-24,21:55:17,-07:00,2025-10-24T21:55:17-07:00,NaN,19
style.css,255,css,1567f659,mmzhang7,2025-10-24,21:55:17,-07:00,2025-10-24T21:55:17-07:00,NaN,26
style.css,256,css,1567f659,mmzhang7,2025-10-24,21:55:17,-07:00,2025-10-24T21:55:17-07:00,NaN,1
style.css,257,css,1567f659,mmzhang7,2025-10-24,21:55:17,-07:00,2025-10-24T21:55:17-07:00,NaN,0
style.css,258,css,1567f659,mmzhang7,2025-10-24,21:55:17,-07:00,2025-10-24T21:55:17-07:00,NaN,26
style.css,259,css,1567f659,mmzhang7,2025-10-24,21:55:17,-07:00,2025-10-24T21:55:17-07:00,NaN,20
style.css,260,css,1567f659,mmzhang7,2025-10-24,21:55:17,-07:00,2025-10-24T21:55:17-07:00,NaN,18
style.css,261,css,b53ff7ef,mmzhang7,2025-10-31,23:56:53,-07:00,2025-10-31T23:56:53-07:00,NaN,27
style.css,262,css,1567f659,mmzhang7,2025-10-24,21:55:17,-07:00,2025-10-24T21:55:17-07:00,NaN,1
style.css,263,css,1567f659,mmzhang7,2025-10-24,21:55:17,-07:00,2025-10-24T21:55:17-07:00,NaN,0
style.css,264,css,1567f659,mmzhang7,2025-10-24,21:55:17,-07:00,2025-10-24T21:55:17-07:00,NaN,16
style.css,265,css,1567f659,mmzhang7,2025-10-24,21:55:17,-07:00,2025-10-24T21:55:17-07:00,NaN,16
style.css,266,css,1567f659,mmzhang7,2025-10-24,21:55:17,-07:00,2025-10-24T21:55:17-07:00,NaN,19
style.css,267,css,1567f659,mmzhang7,2025-10-24,21:55:17,-07:00,2025-10-24T21:55:17-07:00,NaN,41
style.css,268,css,1567f659,mmzhang7,2025-10-24,21:55:17,-07:00,2025-10-24T21:55:17-07:00,NaN,1
style.css,269,css,1567f659,mmzhang7,2025-10-24,21:55:17,-07:00,2025-10-24T21:55:17-07:00,NaN,0
style.css,270,css,1567f659,mmzhang7,2025-10-24,21:55:17,-07:00,2025-10-24T21:55:17-07:00,NaN,4
style.css,271,css,1567f659,mmzhang7,2025-10-24,21:55:17,-07:00,2025-10-24T21:55:17-07:00,NaN,14
style.css,272,css,b53ff7ef,mmzhang7,2025-10-31,23:56:53,-07:00,2025-10-31T23:56:53-07:00,NaN,39
style.css,273,css,b53ff7ef,mmzhang7,2025-10-31,23:56:53,-07:00,2025-10-31T23:56:53-07:00,NaN,21
style.css,274,css,b53ff7ef,mmzhang7,2025-10-31,23:56:53,-07:00,2025-10-31T23:56:53-07:00,NaN,10
style.css,275,css,b53ff7ef,mmzhang7,2025-10-31,23:56:53,-07:00,2025-10-31T23:56:53-07:00,NaN,22
style.css,276,css,1567f659,mmzhang7,2025-10-24,21:55:17,-07:00,2025-10-24T21:55:17-07:00,NaN,1
style.css,277,css,1567f659,mmzhang7,2025-10-24,21:55:17,-07:00,2025-10-24T21:55:17-07:00,NaN,0
style.css,278,css,1567f659,mmzhang7,2025-10-24,21:55:17,-07:00,2025-10-24T21:55:17-07:00,NaN,4
style.css,279,css,b53ff7ef,mmzhang7,2025-10-31,23:56:53,-07:00,2025-10-31T23:56:53-07:00,NaN,12
style.css,280,css,b53ff7ef,mmzhang7,2025-10-31,23:56:53,-07:00,2025-10-31T23:56:53-07:00,NaN,27
style.css,281,css,1567f659,mmzhang7,2025-10-24,21:55:17,-07:00,2025-10-24T21:55:17-07:00,NaN,1
style.css,282,css,1567f659,mmzhang7,2025-10-24,21:55:17,-07:00,2025-10-24T21:55:17-07:00,NaN,0
style.css,283,css,1567f659,mmzhang7,2025-10-24,21:55:17,-07:00,2025-10-24T21:55:17-07:00,NaN,4
style.css,284,css,b53ff7ef,mmzhang7,2025-10-31,23:56:53,-07:00,2025-10-31T23:56:53-07:00,NaN,12
style.css,285,css,b53ff7ef,mmzhang7,2025-10-31,23:56:53,-07:00,2025-10-31T23:56:53-07:00,NaN,28
style.css,286,css,b53ff7ef,mmzhang7,2025-10-31,23:56:53,-07:00,2025-10-31T23:56:53-07:00,NaN,1
style.css,287,css,b53ff7ef,mmzhang7,2025-10-31,23:56:53,-07:00,2025-10-31T23:56:53-07:00,NaN,0
style.css,288,css,b53ff7ef,mmzhang7,2025-10-31,23:56:53,-07:00,2025-10-31T23:56:53-07:00,NaN,20
style.css,289,css,b53ff7ef,mmzhang7,2025-10-31,23:56:53,-07:00,2025-10-31T23:56:53-07:00,NaN,23
style.css,290,css,b53ff7ef,mmzhang7,2025-10-31,23:56:53,-07:00,2025-10-31T23:56:53-07:00,NaN,18
style.css,291,css,b53ff7ef,mmzhang7,2025-10-31,23:56:53,-07:00,2025-10-31T23:56:53-07:00,NaN,18
style.css,292,css,b53ff7ef,mmzhang7,2025-10-31,23:56:53,-07:00,2025-10-31T23:56:53-07:00,NaN,14
style.css,293,css,b53ff7ef,mmzhang7,2025-10-31,23:56:53,-07:00,2025-10-31T23:56:53-07:00,NaN,15
style.css,294,css,b53ff7ef,mmzhang7,2025-10-31,23:56:53,-07:00,2025-10-31T23:56:53-07:00,NaN,1
style.css,295,css,b53ff7ef,mmzhang7,2025-10-31,23:56:53,-07:00,2025-10-31T23:56:53-07:00,NaN,0
style.css,296,css,b53ff7ef,mmzhang7,2025-10-31,23:56:53,-07:00,2025-10-31T23:56:53-07:00,NaN,53
style.css,297,css,b53ff7ef,mmzhang7,2025-10-31,23:56:53,-07:00,2025-10-31T23:56:53-07:00,NaN,13
style.css,298,css,b53ff7ef,mmzhang7,2025-10-31,23:56:53,-07:00,2025-10-31T23:56:53-07:00,NaN,1
style.css,299,css,b53ff7ef,mmzhang7,2025-10-31,23:56:53,-07:00,2025-10-31T23:56:53-07:00,NaN,0
style.css,300,css,b53ff7ef,mmzhang7,2025-10-31,23:56:53,-07:00,2025-10-31T23:56:53-07:00,NaN,25
style.css,301,css,b53ff7ef,mmzhang7,2025-10-31,23:56:53,-07:00,2025-10-31T23:56:53-07:00,NaN,38
style.css,302,css,b53ff7ef,mmzhang7,2025-10-31,23:56:53,-07:00,2025-10-31T23:56:53-07:00,NaN,16
style.css,303,css,b53ff7ef,mmzhang7,2025-10-31,23:56:53,-07:00,2025-10-31T23:56:53-07:00,NaN,1
style.css,304,css,b53ff7ef,mmzhang7,2025-10-31,23:56:53,-07:00,2025-10-31T23:56:53-07:00,NaN,0
style.css,305,css,b53ff7ef,mmzhang7,2025-10-31,23:56:53,-07:00,2025-10-31T23:56:53-07:00,NaN,34
style.css,306,css,b53ff7ef,mmzhang7,2025-10-31,23:56:53,-07:00,2025-10-31T23:56:53-07:00,NaN,37
style.css,307,css,b53ff7ef,mmzhang7,2025-10-31,23:56:53,-07:00,2025-10-31T23:56:53-07:00,NaN,1
style.css,308,css,b53ff7ef,mmzhang7,2025-10-31,23:56:53,-07:00,2025-10-31T23:56:53-07:00,NaN,0
style.css,309,css,b53ff7ef,mmzhang7,2025-10-31,23:56:53,-07:00,2025-10-31T23:56:53-07:00,NaN,32
style.css,310,css,b53ff7ef,mmzhang7,2025-10-31,23:56:53,-07:00,2025-10-31T23:56:53-07:00,NaN,13
style.css,311,css,b53ff7ef,mmzhang7,2025-10-31,23:56:53,-07:00,2025-10-31T23:56:53-07:00,NaN,1
style.css,312,css,b53ff7ef,mmzhang7,2025-10-31,23:56:53,-07:00,2025-10-31T23:56:53-07:00,NaN,0
style.css,313,css,b53ff7ef,mmzhang7,2025-10-31,23:56:53,-07:00,2025-10-31T23:56:53-07:00,NaN,18
style.css,314,css,b53ff7ef,mmzhang7,2025-10-31,23:56:53,-07:00,2025-10-31T23:56:53-07:00,NaN,14
style.css,315,css,b53ff7ef,mmzhang7,2025-10-31,23:56:53,-07:00,2025-10-31T23:56:53-07:00,NaN,20
style.css,316,css,b53ff7ef,mmzhang7,2025-10-31,23:56:53,-07:00,2025-10-31T23:56:53-07:00,NaN,9
style.css,317,css,b53ff7ef,mmzhang7,2025-10-31,23:56:53,-07:00,2025-10-31T23:56:53-07:00,NaN,14
style.css,318,css,b53ff7ef,mmzhang7,2025-10-31,23:56:53,-07:00,2025-10-31T23:56:53-07:00,NaN,18
style.css,319,css,b53ff7ef,mmzhang7,2025-10-31,23:56:53,-07:00,2025-10-31T23:56:53-07:00,NaN,1
style.css,320,css,b53ff7ef,mmzhang7,2025-10-31,23:56:53,-07:00,2025-10-31T23:56:53-07:00,NaN,0
style.css,321,css,b53ff7ef,mmzhang7,2025-10-31,23:56:53,-07:00,2025-10-31T23:56:53-07:00,NaN,9
style.css,322,css,b53ff7ef,mmzhang7,2025-10-31,23:56:53,-07:00,2025-10-31T23:56:53-07:00,NaN,8
style.css,323,css,b53ff7ef,mmzhang7,2025-10-31,23:56:53,-07:00,2025-10-31T23:56:53-07:00,NaN,14
style.css,324,css,b53ff7ef,mmzhang7,2025-10-31,23:56:53,-07:00,2025-10-31T23:56:53-07:00,NaN,58
style.css,325,css,b53ff7ef,mmzhang7,2025-10-31,23:56:53,-07:00,2025-10-31T23:56:53-07:00,NaN,11
style.css,326,css,b53ff7ef,mmzhang7,2025-10-31,23:56:53,-07:00,2025-10-31T23:56:53-07:00,NaN,22
style.css,327,css,b53ff7ef,mmzhang7,2025-10-31,23:56:53,-07:00,2025-10-31T23:56:53-07:00,NaN,11
style.css,328,css,b53ff7ef,mmzhang7,2025-10-31,23:56:53,-07:00,2025-10-31T23:56:53-07:00,NaN,10
style.css,329,css,b53ff7ef,mmzhang7,2025-10-31,23:56:53,-07:00,2025-10-31T23:56:53-07:00,NaN,1
style.css,330,css,b53ff7ef,mmzhang7,2025-10-31,23:56:53,-07:00,2025-10-31T23:56:53-07:00,NaN,0
style.css,331,css,b53ff7ef,mmzhang7,2025-10-31,23:56:53,-07:00,2025-10-31T23:56:53-07:00,NaN,14
style.css,332,css,b53ff7ef,mmzhang7,2025-10-31,23:56:53,-07:00,2025-10-31T23:56:53-07:00,NaN,14
style.css,333,css,b53ff7ef,mmzhang7,2025-10-31,23:56:53,-07:00,2025-10-31T23:56:53-07:00,NaN,20
style.css,334,css,b53ff7ef,mmzhang7,2025-10-31,23:56:53,-07:00,2025-10-31T23:56:53-07:00,NaN,11
style.css,335,css,b53ff7ef,mmzhang7,2025-10-31,23:56:53,-07:00,2025-10-31T23:56:53-07:00,NaN,13
style.css,336,css,b53ff7ef,mmzhang7,2025-10-31,23:56:53,-07:00,2025-10-31T23:56:53-07:00,NaN,11
style.css,337,css,b53ff7ef,mmzhang7,2025-10-31,23:56:53,-07:00,2025-10-31T23:56:53-07:00,NaN,20
style.css,338,css,b53ff7ef,mmzhang7,2025-10-31,23:56:53,-07:00,2025-10-31T23:56:53-07:00,NaN,51
style.css,339,css,b53ff7ef,mmzhang7,2025-10-31,23:56:53,-07:00,2025-10-31T23:56:53-07:00,NaN,16
style.css,340,css,b53ff7ef,mmzhang7,2025-10-31,23:56:53,-07:00,2025-10-31T23:56:53-07:00,NaN,1
style.css,341,css,b53ff7ef,mmzhang7,2025-10-31,23:56:53,-07:00,2025-10-31T23:56:53-07:00,NaN,0
style.css,342,css,b53ff7ef,mmzhang7,2025-10-31,23:56:53,-07:00,2025-10-31T23:56:53-07:00,NaN,23
style.css,343,css,b53ff7ef,mmzhang7,2025-10-31,23:56:53,-07:00,2025-10-31T23:56:53-07:00,NaN,27
style.css,344,css,b53ff7ef,mmzhang7,2025-10-31,23:56:53,-07:00,2025-10-31T23:56:53-07:00,NaN,17
style.css,345,css,b53ff7ef,mmzhang7,2025-10-31,23:56:53,-07:00,2025-10-31T23:56:53-07:00,NaN,1
style.css,346,css,b53ff7ef,mmzhang7,2025-10-31,23:56:53,-07:00,2025-10-31T23:56:53-07:00,NaN,0
style.css,347,css,b53ff7ef,mmzhang7,2025-10-31,23:56:53,-07:00,2025-10-31T23:56:53-07:00,NaN,31
style.css,348,css,b53ff7ef,mmzhang7,2025-10-31,23:56:53,-07:00,2025-10-31T23:56:53-07:00,NaN,49
style.css,349,css,b53ff7ef,mmzhang7,2025-10-31,23:56:53,-07:00,2025-10-31T23:56:53-07:00,NaN,22
style.css,350,css,b53ff7ef,mmzhang7,2025-10-31,23:56:53,-07:00,2025-10-31T23:56:53-07:00,NaN,1
style.css,351,css,b53ff7ef,mmzhang7,2025-10-31,23:56:53,-07:00,2025-10-31T23:56:53-07:00,NaN,0
style.css,352,css,b53ff7ef,mmzhang7,2025-10-31,23:56:53,-07:00,2025-10-31T23:56:53-07:00,NaN,21
style.css,353,css,b53ff7ef,mmzhang7,2025-10-31,23:56:53,-07:00,2025-10-31T23:56:53-07:00,NaN,13
style.css,354,css,b53ff7ef,mmzhang7,2025-10-31,23:56:53,-07:00,2025-10-31T23:56:53-07:00,NaN,1
style.css,355,css,b53ff7ef,mmzhang7,2025-10-31,23:56:53,-07:00,2025-10-31T23:56:53-07:00,NaN,0
style.css,356,css,b53ff7ef,mmzhang7,2025-10-31,23:56:53,-07:00,2025-10-31T23:56:53-07:00,NaN,9
style.css,357,css,b53ff7ef,mmzhang7,2025-10-31,23:56:53,-07:00,2025-10-31T23:56:53-07:00,NaN,22
style.css,358,css,b53ff7ef,mmzhang7,2025-10-31,23:56:53,-07:00,2025-10-31T23:56:53-07:00,NaN,11
style.css,359,css,b53ff7ef,mmzhang7,2025-10-31,23:56:53,-07:00,2025-10-31T23:56:53-07:00,NaN,12
style.css,360,css,b53ff7ef,mmzhang7,2025-10-31,23:56:53,-07:00,2025-10-31T23:56:53-07:00,NaN,31
style.css,361,css,b53ff7ef,mmzhang7,2025-10-31,23:56:53,-07:00,2025-10-31T23:56:53-07:00,NaN,19
style.css,362,css,b53ff7ef,mmzhang7,2025-10-31,23:56:53,-07:00,2025-10-31T23:56:53-07:00,NaN,15
style.css,363,css,b53ff7ef,mmzhang7,2025-10-31,23:56:53,-07:00,2025-10-31T23:56:53-07:00,NaN,1
style.css,364,css,b53ff7ef,mmzhang7,2025-10-31,23:56:53,-07:00,2025-10-31T23:56:53-07:00,NaN,0
style.css,365,css,b53ff7ef,mmzhang7,2025-10-31,23:56:53,-07:00,2025-10-31T23:56:53-07:00,NaN,12
style.css,366,css,b53ff7ef,mmzhang7,2025-10-31,23:56:53,-07:00,2025-10-31T23:56:53-07:00,NaN,19
style.css,367,css,b53ff7ef,mmzhang7,2025-10-31,23:56:53,-07:00,2025-10-31T23:56:53-07:00,NaN,13
style.css,368,css,b53ff7ef,mmzhang7,2025-10-31,23:56:53,-07:00,2025-10-31T23:56:53-07:00,NaN,17
style.css,369,css,b53ff7ef,mmzhang7,2025-10-31,23:56:53,-07:00,2025-10-31T23:56:53-07:00,NaN,1
style.css,370,css,b53ff7ef,mmzhang7,2025-10-31,23:56:53,-07:00,2025-10-31T23:56:53-07:00,NaN,0
style.css,371,css,b53ff7ef,mmzhang7,2025-10-31,23:56:53,-07:00,2025-10-31T23:56:53-07:00,NaN,12
style.css,372,css,b53ff7ef,mmzhang7,2025-10-31,23:56:53,-07:00,2025-10-31T23:56:53-07:00,NaN,15
style.css,373,css,b53ff7ef,mmzhang7,2025-10-31,23:56:53,-07:00,2025-10-31T23:56:53-07:00,NaN,19
style.css,374,css,b53ff7ef,mmzhang7,2025-10-31,23:56:53,-07:00,2025-10-31T23:56:53-07:00,NaN,45
style.css,375,css,b53ff7ef,mmzhang7,2025-10-31,23:56:53,-07:00,2025-10-31T23:56:53-07:00,NaN,27
style.css,376,css,b53ff7ef,mmzhang7,2025-10-31,23:56:53,-07:00,2025-10-31T23:56:53-07:00,NaN,21
style.css,377,css,bd512a22,mmzhang7,2025-10-03,23:06:14,-07:00,2025-10-03T23:06:14-07:00,NaN,1
index.js,1,js,1567f659,mmzhang7,2025-10-24,21:55:17,-07:00,2025-10-24T21:55:17-07:00,NaN,73
index.js,2,js,1567f659,mmzhang7,2025-10-24,21:55:17,-07:00,2025-10-24T21:55:17-07:00,NaN,56
index.js,3,js,1567f659,mmzhang7,2025-10-24,21:55:17,-07:00,2025-10-24T21:55:17-07:00,NaN,44
index.js,4,js,1567f659,mmzhang7,2025-10-24,21:55:17,-07:00,2025-10-24T21:55:17-07:00,NaN,62
index.js,5,js,1567f659,mmzhang7,2025-10-24,21:55:17,-07:00,2025-10-24T21:55:17-07:00,NaN,56
index.js,6,js,1567f659,mmzhang7,2025-10-24,21:55:17,-07:00,2025-10-24T21:55:17-07:00,NaN,53
index.js,7,js,1567f659,mmzhang7,2025-10-24,21:55:17,-07:00,2025-10-24T21:55:17-07:00,NaN,62
index.js,8,js,1567f659,mmzhang7,2025-10-24,21:55:17,-07:00,2025-10-24T21:55:17-07:00,NaN,19
index.js,9,js,1567f659,mmzhang7,2025-10-24,21:55:17,-07:00,2025-10-24T21:55:17-07:00,NaN,26
index.js,10,js,1567f659,mmzhang7,2025-10-24,21:55:17,-07:00,2025-10-24T21:55:17-07:00,NaN,4
index.js,11,js,1567f659,mmzhang7,2025-10-24,21:55:17,-07:00,2025-10-24T21:55:17-07:00,NaN,57
index.js,12,js,1567f659,mmzhang7,2025-10-24,21:55:17,-07:00,2025-10-24T21:55:17-07:00,NaN,57
index.js,13,js,1567f659,mmzhang7,2025-10-24,21:55:17,-07:00,2025-10-24T21:55:17-07:00,NaN,51
index.js,14,js,1567f659,mmzhang7,2025-10-24,21:55:17,-07:00,2025-10-24T21:55:17-07:00,NaN,51
index.js,15,js,1567f659,mmzhang7,2025-10-24,21:55:17,-07:00,2025-10-24T21:55:17-07:00,NaN,5
index.js,16,js,1567f659,mmzhang7,2025-10-24,21:55:17,-07:00,2025-10-24T21:55:17-07:00,NaN,2
index.js,17,js,1567f659,mmzhang7,2025-10-24,21:55:17,-07:00,2025-10-24T21:55:17-07:00,NaN,1
index.html,1,html,60be0e2a,mmzhang7,2025-10-03,18:55:10,-07:00,2025-10-03T18:55:10-07:00,NaN,15
index.html,2,html,60be0e2a,mmzhang7,2025-10-03,18:55:10,-07:00,2025-10-03T18:55:10-07:00,NaN,16
index.html,3,html,60be0e2a,mmzhang7,2025-10-03,18:55:10,-07:00,2025-10-03T18:55:10-07:00,NaN,6
index.html,4,html,60be0e2a,mmzhang7,2025-10-03,18:55:10,-07:00,2025-10-03T18:55:10-07:00,NaN,22
index.html,5,html,60be0e2a,mmzhang7,2025-10-03,18:55:10,-07:00,2025-10-03T18:55:10-07:00,NaN,70
index.html,6,html,60be0e2a,mmzhang7,2025-10-03,18:55:10,-07:00,2025-10-03T18:55:10-07:00,NaN,56
index.html,7,html,70d65621,mmzhang7,2025-10-11,23:36:59,-07:00,2025-10-11T23:36:59-07:00,NaN,40
index.html,8,html,70d65621,mmzhang7,2025-10-11,23:36:59,-07:00,2025-10-11T23:36:59-07:00,NaN,0
index.html,9,html,70d65621,mmzhang7,2025-10-11,23:36:59,-07:00,2025-10-11T23:36:59-07:00,NaN,7
index.html,10,html,70d65621,mmzhang7,2025-10-11,23:36:59,-07:00,2025-10-11T23:36:59-07:00,NaN,6
index.html,11,html,290edb17,mmzhang7,2025-10-03,23:15:25,-07:00,2025-10-03T23:15:25-07:00,NaN,5
index.html,12,html,290edb17,mmzhang7,2025-10-03,23:15:25,-07:00,2025-10-03T23:15:25-07:00,NaN,4
index.html,13,html,cfaa314a,mmzhang7,2025-10-17,20:15:12,-07:00,2025-10-17T20:15:12-07:00,NaN,45
index.html,14,html,290edb17,mmzhang7,2025-10-03,23:15:25,-07:00,2025-10-03T23:15:25-07:00,NaN,52
index.html,15,html,cfaa314a,mmzhang7,2025-10-17,20:15:12,-07:00,2025-10-17T20:15:12-07:00,NaN,69
index.html,16,html,cfaa314a,mmzhang7,2025-10-17,20:15:12,-07:00,2025-10-17T20:15:12-07:00,NaN,67
index.html,17,html,cfaa314a,mmzhang7,2025-10-17,20:15:12,-07:00,2025-10-17T20:15:12-07:00,NaN,81
index.html,18,html,cfaa314a,mmzhang7,2025-10-17,20:15:12,-07:00,2025-10-17T20:15:12-07:00,NaN,65
index.html,19,html,290edb17,mmzhang7,2025-10-03,23:15:25,-07:00,2025-10-03T23:15:25-07:00,NaN,5
index.html,20,html,70d65621,mmzhang7,2025-10-11,23:36:59,-07:00,2025-10-11T23:36:59-07:00,NaN,6
index.html,21,html,60be0e2a,mmzhang7,2025-10-03,18:55:10,-07:00,2025-10-03T18:55:10-07:00,NaN,21
index.html,22,html,60be0e2a,mmzhang7,2025-10-03,18:55:10,-07:00,2025-10-03T18:55:10-07:00,NaN,406
index.html,23,html,290edb17,mmzhang7,2025-10-03,23:15:25,-07:00,2025-10-03T23:15:25-07:00,NaN,123
index.html,24,html,1567f659,mmzhang7,2025-10-24,21:55:17,-07:00,2025-10-24T21:55:17-07:00,NaN,24
index.html,25,html,1567f659,mmzhang7,2025-10-24,21:55:17,-07:00,2025-10-24T21:55:17-07:00,NaN,22
index.html,26,html,1567f659,mmzhang7,2025-10-24,21:55:17,-07:00,2025-10-24T21:55:17-07:00,NaN,51
index.html,27,html,1567f659,mmzhang7,2025-10-24,21:55:17,-07:00,2025-10-24T21:55:17-07:00,NaN,6
index.html,28,html,1567f659,mmzhang7,2025-10-24,21:55:17,-07:00,2025-10-24T21:55:17-07:00,NaN,29
index.html,29,html,1567f659,mmzhang7,2025-10-24,21:55:17,-07:00,2025-10-24T21:55:17-07:00,NaN,24
index.html,30,html,1567f659,mmzhang7,2025-10-24,21:55:17,-07:00,2025-10-24T21:55:17-07:00,NaN,6
index.html,31,html,d4576d93,mmzhang7,2025-10-17,19:43:58,-07:00,2025-10-17T19:43:58-07:00,NaN,47
index.html,32,html,1567f659,mmzhang7,2025-10-24,21:55:17,-07:00,2025-10-24T21:55:17-07:00,NaN,46
index.html,33,html,60be0e2a,mmzhang7,2025-10-03,18:55:10,-07:00,2025-10-03T18:55:10-07:00,NaN,7
index.html,34,html,70d65621,mmzhang7,2025-10-11,23:36:59,-07:00,2025-10-11T23:36:59-07:00,NaN,7
global.js,1,js,d4576d93,mmzhang7,2025-10-17,19:43:58,-07:00,2025-10-17T19:43:58-07:00,NaN,27
global.js,2,js,d4576d93,mmzhang7,2025-10-17,19:43:58,-07:00,2025-10-17T19:43:58-07:00,NaN,0
global.js,3,js,d4576d93,mmzhang7,2025-10-17,19:43:58,-07:00,2025-10-17T19:43:58-07:00,NaN,43
global.js,4,js,d4576d93,mmzhang7,2025-10-17,19:43:58,-07:00,2025-10-17T19:43:58-07:00,NaN,54
global.js,5,js,cfaa314a,mmzhang7,2025-10-17,20:15:12,-07:00,2025-10-17T20:15:12-07:00,NaN,1
global.js,6,js,cfaa314a,mmzhang7,2025-10-17,20:15:12,-07:00,2025-10-17T20:15:12-07:00,NaN,0
global.js,7,js,cfaa314a,mmzhang7,2025-10-17,20:15:12,-07:00,2025-10-17T20:15:12-07:00,NaN,13
global.js,8,js,cfaa314a,mmzhang7,2025-10-17,20:15:12,-07:00,2025-10-17T20:15:12-07:00,NaN,27
global.js,9,js,cfaa314a,mmzhang7,2025-10-17,20:15:12,-07:00,2025-10-17T20:15:12-07:00,NaN,40
global.js,10,js,cfaa314a,mmzhang7,2025-10-17,20:15:12,-07:00,2025-10-17T20:15:12-07:00,NaN,38
global.js,11,js,cfaa314a,mmzhang7,2025-10-17,20:15:12,-07:00,2025-10-17T20:15:12-07:00,NaN,36
global.js,12,js,cfaa314a,mmzhang7,2025-10-17,20:15:12,-07:00,2025-10-17T20:15:12-07:00,NaN,57
global.js,13,js,cfaa314a,mmzhang7,2025-10-17,20:15:12,-07:00,2025-10-17T20:15:12-07:00,NaN,2
global.js,14,js,cfaa314a,mmzhang7,2025-10-17,20:15:12,-07:00,2025-10-17T20:15:12-07:00,NaN,0
global.js,15,js,b53ff7ef,mmzhang7,2025-10-31,23:56:53,-07:00,2025-10-31T23:56:53-07:00,NaN,40
global.js,16,js,b53ff7ef,mmzhang7,2025-10-31,23:56:53,-07:00,2025-10-31T23:56:53-07:00,NaN,11
global.js,17,js,b53ff7ef,mmzhang7,2025-10-31,23:56:53,-07:00,2025-10-31T23:56:53-07:00,NaN,36
global.js,18,js,b53ff7ef,mmzhang7,2025-10-31,23:56:53,-07:00,2025-10-31T23:56:53-07:00,NaN,27
global.js,19,js,b53ff7ef,mmzhang7,2025-10-31,23:56:53,-07:00,2025-10-31T23:56:53-07:00,NaN,1
global.js,20,js,cfaa314a,mmzhang7,2025-10-17,20:15:12,-07:00,2025-10-17T20:15:12-07:00,NaN,0
global.js,21,js,a5993b84,mmzhang7,2025-10-17,21:03:20,-07:00,2025-10-17T21:03:20-07:00,NaN,90
global.js,22,js,a5993b84,mmzhang7,2025-10-17,21:03:20,-07:00,2025-10-17T21:03:20-07:00,NaN,38
global.js,23,js,a5993b84,mmzhang7,2025-10-17,21:03:20,-07:00,2025-10-17T21:03:20-07:00,NaN,50
global.js,24,js,a5993b84,mmzhang7,2025-10-17,21:03:20,-07:00,2025-10-17T21:03:20-07:00,NaN,0
global.js,25,js,cfaa314a,mmzhang7,2025-10-17,20:15:12,-07:00,2025-10-17T20:15:12-07:00,NaN,22
global.js,26,js,cfaa314a,mmzhang7,2025-10-17,20:15:12,-07:00,2025-10-17T20:15:12-07:00,NaN,16
global.js,27,js,358eb8ae,mmzhang7,2025-10-17,20:52:02,-07:00,2025-10-17T20:52:02-07:00,NaN,54
global.js,28,js,cfaa314a,mmzhang7,2025-10-17,20:15:12,-07:00,2025-10-17T20:15:12-07:00,NaN,20
global.js,29,js,a5993b84,mmzhang7,2025-10-17,21:03:20,-07:00,2025-10-17T21:03:20-07:00,NaN,36
global.js,30,js,a5993b84,mmzhang7,2025-10-17,21:03:20,-07:00,2025-10-17T21:03:20-07:00,NaN,13
global.js,31,js,a5993b84,mmzhang7,2025-10-17,21:03:20,-07:00,2025-10-17T21:03:20-07:00,NaN,22
global.js,32,js,a5993b84,mmzhang7,2025-10-17,21:03:20,-07:00,2025-10-17T21:03:20-07:00,NaN,14
global.js,33,js,a5993b84,mmzhang7,2025-10-17,21:03:20,-07:00,2025-10-17T21:03:20-07:00,NaN,67
global.js,34,js,a5993b84,mmzhang7,2025-10-17,21:03:20,-07:00,2025-10-17T21:03:20-07:00,NaN,27
global.js,35,js,a5993b84,mmzhang7,2025-10-17,21:03:20,-07:00,2025-10-17T21:03:20-07:00,NaN,1
global.js,36,js,a5993b84,mmzhang7,2025-10-17,21:03:20,-07:00,2025-10-17T21:03:20-07:00,NaN,31
global.js,37,js,a5993b84,mmzhang7,2025-10-17,21:03:20,-07:00,2025-10-17T21:03:20-07:00,NaN,20
global.js,38,js,a5993b84,mmzhang7,2025-10-17,21:03:20,-07:00,2025-10-17T21:03:20-07:00,NaN,1
global.js,39,js,a5993b84,mmzhang7,2025-10-17,21:03:20,-07:00,2025-10-17T21:03:20-07:00,NaN,0
global.js,40,js,9ca3a91d,mmzhang7,2025-10-17,22:09:19,-07:00,2025-10-17T22:09:19-07:00,NaN,1
global.js,41,js,9ca3a91d,mmzhang7,2025-10-17,22:09:19,-07:00,2025-10-17T22:09:19-07:00,NaN,0
global.js,42,js,9ca3a91d,mmzhang7,2025-10-17,22:09:19,-07:00,2025-10-17T22:09:19-07:00,NaN,33
global.js,43,js,9ca3a91d,mmzhang7,2025-10-17,22:09:19,-07:00,2025-10-17T22:09:19-07:00,NaN,13
global.js,44,js,9ca3a91d,mmzhang7,2025-10-17,22:09:19,-07:00,2025-10-17T22:09:19-07:00,NaN,1
global.js,45,js,b53ff7ef,mmzhang7,2025-10-31,23:56:53,-07:00,2025-10-31T23:56:53-07:00,NaN,28
global.js,46,js,b53ff7ef,mmzhang7,2025-10-31,23:56:53,-07:00,2025-10-31T23:56:53-07:00,NaN,6
global.js,47,js,b53ff7ef,mmzhang7,2025-10-31,23:56:53,-07:00,2025-10-31T23:56:53-07:00,NaN,8
global.js,48,js,b53ff7ef,mmzhang7,2025-10-31,23:56:53,-07:00,2025-10-31T23:56:53-07:00,NaN,39
global.js,49,js,9ca3a91d,mmzhang7,2025-10-17,22:09:19,-07:00,2025-10-17T22:09:19-07:00,NaN,36
global.js,50,js,9ca3a91d,mmzhang7,2025-10-17,22:09:19,-07:00,2025-10-17T22:09:19-07:00,NaN,34
global.js,51,js,b53ff7ef,mmzhang7,2025-10-31,23:56:53,-07:00,2025-10-31T23:56:53-07:00,NaN,9
global.js,52,js,b53ff7ef,mmzhang7,2025-10-31,23:56:53,-07:00,2025-10-31T23:56:53-07:00,NaN,8
global.js,53,js,b53ff7ef,mmzhang7,2025-10-31,23:56:53,-07:00,2025-10-31T23:56:53-07:00,NaN,1
global.js,54,js,9ca3a91d,mmzhang7,2025-10-17,22:09:19,-07:00,2025-10-17T22:09:19-07:00,NaN,2
global.js,55,js,9ca3a91d,mmzhang7,2025-10-17,22:09:19,-07:00,2025-10-17T22:09:19-07:00,NaN,0
global.js,56,js,9ca3a91d,mmzhang7,2025-10-17,22:09:19,-07:00,2025-10-17T22:09:19-07:00,NaN,62
global.js,57,js,9ca3a91d,mmzhang7,2025-10-17,22:09:19,-07:00,2025-10-17T22:09:19-07:00,NaN,0
global.js,58,js,b53ff7ef,mmzhang7,2025-10-31,23:56:53,-07:00,2025-10-31T23:56:53-07:00,NaN,30
global.js,59,js,b53ff7ef,mmzhang7,2025-10-31,23:56:53,-07:00,2025-10-31T23:56:53-07:00,NaN,65
global.js,60,js,b53ff7ef,mmzhang7,2025-10-31,23:56:53,-07:00,2025-10-31T23:56:53-07:00,NaN,1
global.js,61,js,b53ff7ef,mmzhang7,2025-10-31,23:56:53,-07:00,2025-10-31T23:56:53-07:00,NaN,0
global.js,62,js,b53ff7ef,mmzhang7,2025-10-31,23:56:53,-07:00,2025-10-31T23:56:53-07:00,NaN,0
global.js,63,js,b53ff7ef,mmzhang7,2025-10-31,23:56:53,-07:00,2025-10-31T23:56:53-07:00,NaN,28
global.js,64,js,b53ff7ef,mmzhang7,2025-10-31,23:56:53,-07:00,2025-10-31T23:56:53-07:00,NaN,23
global.js,65,js,b53ff7ef,mmzhang7,2025-10-31,23:56:53,-07:00,2025-10-31T23:56:53-07:00,NaN,55
global.js,66,js,b53ff7ef,mmzhang7,2025-10-31,23:56:53,-07:00,2025-10-31T23:56:53-07:00,NaN,41
global.js,67,js,b53ff7ef,mmzhang7,2025-10-31,23:56:53,-07:00,2025-10-31T23:56:53-07:00,NaN,31
global.js,68,js,b53ff7ef,mmzhang7,2025-10-31,23:56:53,-07:00,2025-10-31T23:56:53-07:00,NaN,31
global.js,69,js,b53ff7ef,mmzhang7,2025-10-31,23:56:53,-07:00,2025-10-31T23:56:53-07:00,NaN,61
global.js,70,js,b53ff7ef,mmzhang7,2025-10-31,23:56:53,-07:00,2025-10-31T23:56:53-07:00,NaN,46
global.js,71,js,b53ff7ef,mmzhang7,2025-10-31,23:56:53,-07:00,2025-10-31T23:56:53-07:00,NaN,36
global.js,72,js,b53ff7ef,mmzhang7,2025-10-31,23:56:53,-07:00,2025-10-31T23:56:53-07:00,NaN,30
global.js,73,js,b53ff7ef,mmzhang7,2025-10-31,23:56:53,-07:00,2025-10-31T23:56:53-07:00,NaN,60
global.js,74,js,b53ff7ef,mmzhang7,2025-10-31,23:56:53,-07:00,2025-10-31T23:56:53-07:00,NaN,46
global.js,75,js,b53ff7ef,mmzhang7,2025-10-31,23:56:53,-07:00,2025-10-31T23:56:53-07:00,NaN,36
global.js,76,js,b53ff7ef,mmzhang7,2025-10-31,23:56:53,-07:00,2025-10-31T23:56:53-07:00,NaN,1
global.js,77,js,9ca3a91d,mmzhang7,2025-10-17,22:09:19,-07:00,2025-10-17T22:09:19-07:00,NaN,1
global.js,78,js,9ca3a91d,mmzhang7,2025-10-17,22:09:19,-07:00,2025-10-17T22:09:19-07:00,NaN,0
global.js,79,js,b53ff7ef,mmzhang7,2025-10-31,23:56:53,-07:00,2025-10-31T23:56:53-07:00,NaN,0
global.js,80,js,b53ff7ef,mmzhang7,2025-10-31,23:56:53,-07:00,2025-10-31T23:56:53-07:00,NaN,57
global.js,81,js,b53ff7ef,mmzhang7,2025-10-31,23:56:53,-07:00,2025-10-31T23:56:53-07:00,NaN,26
global.js,82,js,b53ff7ef,mmzhang7,2025-10-31,23:56:53,-07:00,2025-10-31T23:56:53-07:00,NaN,23
global.js,83,js,b53ff7ef,mmzhang7,2025-10-31,23:56:53,-07:00,2025-10-31T23:56:53-07:00,NaN,0
global.js,84,js,b53ff7ef,mmzhang7,2025-10-31,23:56:53,-07:00,2025-10-31T23:56:53-07:00,NaN,0
global.js,85,js,b53ff7ef,mmzhang7,2025-10-31,23:56:53,-07:00,2025-10-31T23:56:53-07:00,NaN,41
global.js,86,js,b53ff7ef,mmzhang7,2025-10-31,23:56:53,-07:00,2025-10-31T23:56:53-07:00,NaN,29
global.js,87,js,b53ff7ef,mmzhang7,2025-10-31,23:56:53,-07:00,2025-10-31T23:56:53-07:00,NaN,37
global.js,88,js,b53ff7ef,mmzhang7,2025-10-31,23:56:53,-07:00,2025-10-31T23:56:53-07:00,NaN,18
global.js,89,js,9ca3a91d,mmzhang7,2025-10-17,22:09:19,-07:00,2025-10-17T22:09:19-07:00,NaN,3
global.js,90,js,9ca3a91d,mmzhang7,2025-10-17,22:09:19,-07:00,2025-10-17T22:09:19-07:00,NaN,0
global.js,91,js,b53ff7ef,mmzhang7,2025-10-31,23:56:53,-07:00,2025-10-31T23:56:53-07:00,NaN,0
global.js,92,js,b53ff7ef,mmzhang7,2025-10-31,23:56:53,-07:00,2025-10-31T23:56:53-07:00,NaN,28
global.js,93,js,b53ff7ef,mmzhang7,2025-10-31,23:56:53,-07:00,2025-10-31T23:56:53-07:00,NaN,64
global.js,94,js,b53ff7ef,mmzhang7,2025-10-31,23:56:53,-07:00,2025-10-31T23:56:53-07:00,NaN,37
global.js,95,js,b53ff7ef,mmzhang7,2025-10-31,23:56:53,-07:00,2025-10-31T23:56:53-07:00,NaN,0
global.js,96,js,b53ff7ef,mmzhang7,2025-10-31,23:56:53,-07:00,2025-10-31T23:56:53-07:00,NaN,44
global.js,97,js,9ca3a91d,mmzhang7,2025-10-17,22:09:19,-07:00,2025-10-17T22:09:19-07:00,NaN,20
global.js,98,js,9ca3a91d,mmzhang7,2025-10-17,22:09:19,-07:00,2025-10-17T22:09:19-07:00,NaN,22
global.js,99,js,b53ff7ef,mmzhang7,2025-10-31,23:56:53,-07:00,2025-10-31T23:56:53-07:00,NaN,0
global.js,100,js,b53ff7ef,mmzhang7,2025-10-31,23:56:53,-07:00,2025-10-31T23:56:53-07:00,NaN,0
global.js,101,js,b53ff7ef,mmzhang7,2025-10-31,23:56:53,-07:00,2025-10-31T23:56:53-07:00,NaN,48
global.js,102,js,b53ff7ef,mmzhang7,2025-10-31,23:56:53,-07:00,2025-10-31T23:56:53-07:00,NaN,1
global.js,103,js,b53ff7ef,mmzhang7,2025-10-31,23:56:53,-07:00,2025-10-31T23:56:53-07:00,NaN,0
global.js,104,js,b53ff7ef,mmzhang7,2025-10-31,23:56:53,-07:00,2025-10-31T23:56:53-07:00,NaN,0
global.js,105,js,b53ff7ef,mmzhang7,2025-10-31,23:56:53,-07:00,2025-10-31T23:56:53-07:00,NaN,94
global.js,106,js,b53ff7ef,mmzhang7,2025-10-31,23:56:53,-07:00,2025-10-31T23:56:53-07:00,NaN,0
global.js,107,js,b53ff7ef,mmzhang7,2025-10-31,23:56:53,-07:00,2025-10-31T23:56:53-07:00,NaN,0
global.js,108,js,b53ff7ef,mmzhang7,2025-10-31,23:56:53,-07:00,2025-10-31T23:56:53-07:00,NaN,18
global.js,109,js,b53ff7ef,mmzhang7,2025-10-31,23:56:53,-07:00,2025-10-31T23:56:53-07:00,NaN,0
global.js,110,js,9ca3a91d,mmzhang7,2025-10-17,22:09:19,-07:00,2025-10-17T22:09:19-07:00,NaN,0
global.js,111,js,9ca3a91d,mmzhang7,2025-10-17,22:09:19,-07:00,2025-10-17T22:09:19-07:00,NaN,42
global.js,112,js,9ca3a91d,mmzhang7,2025-10-17,22:09:19,-07:00,2025-10-17T22:09:19-07:00,NaN,45
global.js,113,js,9ca3a91d,mmzhang7,2025-10-17,22:09:19,-07:00,2025-10-17T22:09:19-07:00,NaN,23
global.js,114,js,9ca3a91d,mmzhang7,2025-10-17,22:09:19,-07:00,2025-10-17T22:09:19-07:00,NaN,0
global.js,115,js,9ca3a91d,mmzhang7,2025-10-17,22:09:19,-07:00,2025-10-17T22:09:19-07:00,NaN,30
global.js,116,js,9ca3a91d,mmzhang7,2025-10-17,22:09:19,-07:00,2025-10-17T22:09:19-07:00,NaN,16
global.js,117,js,9ca3a91d,mmzhang7,2025-10-17,22:09:19,-07:00,2025-10-17T22:09:19-07:00,NaN,0
global.js,118,js,9ca3a91d,mmzhang7,2025-10-17,22:09:19,-07:00,2025-10-17T22:09:19-07:00,NaN,25
global.js,119,js,9ca3a91d,mmzhang7,2025-10-17,22:09:19,-07:00,2025-10-17T22:09:19-07:00,NaN,33
global.js,120,js,9ca3a91d,mmzhang7,2025-10-17,22:09:19,-07:00,2025-10-17T22:09:19-07:00,NaN,52
global.js,121,js,9ca3a91d,mmzhang7,2025-10-17,22:09:19,-07:00,2025-10-17T22:09:19-07:00,NaN,25
global.js,122,js,9ca3a91d,mmzhang7,2025-10-17,22:09:19,-07:00,2025-10-17T22:09:19-07:00,NaN,1
global.js,123,js,9ca3a91d,mmzhang7,2025-10-17,22:09:19,-07:00,2025-10-17T22:09:19-07:00,NaN,0
global.js,124,js,9ca3a91d,mmzhang7,2025-10-17,22:09:19,-07:00,2025-10-17T22:09:19-07:00,NaN,47
global.js,125,js,9ca3a91d,mmzhang7,2025-10-17,22:09:19,-07:00,2025-10-17T22:09:19-07:00,NaN,20
global.js,126,js,1567f659,mmzhang7,2025-10-24,21:55:17,-07:00,2025-10-24T21:55:17-07:00,NaN,3
global.js,127,js,1567f659,mmzhang7,2025-10-24,21:55:17,-07:00,2025-10-24T21:55:17-07:00,NaN,0
global.js,128,js,1567f659,mmzhang7,2025-10-24,21:55:17,-07:00,2025-10-24T21:55:17-07:00,NaN,38
global.js,129,js,1567f659,mmzhang7,2025-10-24,21:55:17,-07:00,2025-10-24T21:55:17-07:00,NaN,5
global.js,130,js,1567f659,mmzhang7,2025-10-24,21:55:17,-07:00,2025-10-24T21:55:17-07:00,NaN,41
global.js,131,js,1567f659,mmzhang7,2025-10-24,21:55:17,-07:00,2025-10-24T21:55:17-07:00,NaN,34
global.js,132,js,1567f659,mmzhang7,2025-10-24,21:55:17,-07:00,2025-10-24T21:55:17-07:00,NaN,19
global.js,133,js,1567f659,mmzhang7,2025-10-24,21:55:17,-07:00,2025-10-24T21:55:17-07:00,NaN,68
global.js,134,js,1567f659,mmzhang7,2025-10-24,21:55:17,-07:00,2025-10-24T21:55:17-07:00,NaN,1
global.js,135,js,1567f659,mmzhang7,2025-10-24,21:55:17,-07:00,2025-10-24T21:55:17-07:00,NaN,35
global.js,136,js,1567f659,mmzhang7,2025-10-24,21:55:17,-07:00,2025-10-24T21:55:17-07:00,NaN,12
global.js,137,js,1567f659,mmzhang7,2025-10-24,21:55:17,-07:00,2025-10-24T21:55:17-07:00,NaN,17
global.js,138,js,1567f659,mmzhang7,2025-10-24,21:55:17,-07:00,2025-10-24T21:55:17-07:00,NaN,61
global.js,139,js,1567f659,mmzhang7,2025-10-24,21:55:17,-07:00,2025-10-24T21:55:17-07:00,NaN,1
global.js,140,js,1567f659,mmzhang7,2025-10-24,21:55:17,-07:00,2025-10-24T21:55:17-07:00,NaN,1
global.js,141,js,1567f659,mmzhang7,2025-10-24,21:55:17,-07:00,2025-10-24T21:55:17-07:00,NaN,0
global.js,142,js,1567f659,mmzhang7,2025-10-24,21:55:17,-07:00,2025-10-24T21:55:17-07:00,NaN,80
global.js,143,js,1567f659,mmzhang7,2025-10-24,21:55:17,-07:00,2025-10-24T21:55:17-07:00,NaN,32
global.js,144,js,1567f659,mmzhang7,2025-10-24,21:55:17,-07:00,2025-10-24T21:55:17-07:00,NaN,27
global.js,145,js,1567f659,mmzhang7,2025-10-24,21:55:17,-07:00,2025-10-24T21:55:17-07:00,NaN,50
global.js,146,js,b53ff7ef,mmzhang7,2025-10-31,23:56:53,-07:00,2025-10-31T23:56:53-07:00,NaN,21
global.js,147,js,b53ff7ef,mmzhang7,2025-10-31,23:56:53,-07:00,2025-10-31T23:56:53-07:00,NaN,48
global.js,148,js,00000000,Not Committed Yet,2025-11-07,19:54:19,-08:00,2025-11-07T19:54:19-08:00,NaN,27
global.js,149,js,00000000,Not Committed Yet,2025-11-07,19:54:19,-08:00,2025-11-07T19:54:19-08:00,NaN,45
global.js,150,js,00000000,Not Committed Yet,2025-11-07,19:54:19,-08:00,2025-11-07T19:54:19-08:00,NaN,6
global.js,151,js,b53ff7ef,mmzhang7,2025-10-31,23:56:53,-07:00,2025-10-31T23:56:53-07:00,NaN,26
global.js,152,js,b53ff7ef,mmzhang7,2025-10-31,23:56:53,-07:00,2025-10-31T23:56:53-07:00,NaN,38
global.js,153,js,b53ff7ef,mmzhang7,2025-10-31,23:56:53,-07:00,2025-10-31T23:56:53-07:00,NaN,2
global.js,154,js,00000000,Not Committed Yet,2025-11-07,19:54:19,-08:00,2025-11-07T19:54:19-08:00,NaN,41
global.js,155,js,00000000,Not Committed Yet,2025-11-07,19:54:19,-08:00,2025-11-07T19:54:19-08:00,NaN,16
global.js,156,js,00000000,Not Committed Yet,2025-11-07,19:54:19,-08:00,2025-11-07T19:54:19-08:00,NaN,29
global.js,157,js,00000000,Not Committed Yet,2025-11-07,19:54:19,-08:00,2025-11-07T19:54:19-08:00,NaN,37
global.js,158,js,00000000,Not Committed Yet,2025-11-07,19:54:19,-08:00,2025-11-07T19:54:19-08:00,NaN,33
global.js,159,js,00000000,Not Committed Yet,2025-11-07,19:54:19,-08:00,2025-11-07T19:54:19-08:00,NaN,3
global.js,160,js,00000000,Not Committed Yet,2025-11-07,19:54:19,-08:00,2025-11-07T19:54:19-08:00,NaN,1
global.js,161,js,1567f659,mmzhang7,2025-10-24,21:55:17,-07:00,2025-10-24T21:55:17-07:00,NaN,38
global.js,162,js,1567f659,mmzhang7,2025-10-24,21:55:17,-07:00,2025-10-24T21:55:17-07:00,NaN,1
global.js,163,js,1567f659,mmzhang7,2025-10-24,21:55:17,-07:00,2025-10-24T21:55:17-07:00,NaN,1
global.js,164,js,1567f659,mmzhang7,2025-10-24,21:55:17,-07:00,2025-10-24T21:55:17-07:00,NaN,0
global.js,165,js,1567f659,mmzhang7,2025-10-24,21:55:17,-07:00,2025-10-24T21:55:17-07:00,NaN,60
global.js,166,js,1567f659,mmzhang7,2025-10-24,21:55:17,-07:00,2025-10-24T21:55:17-07:00,NaN,38
global.js,167,js,1567f659,mmzhang7,2025-10-24,21:55:17,-07:00,2025-10-24T21:55:17-07:00,NaN,65
global.js,168,js,1567f659,mmzhang7,2025-10-24,21:55:17,-07:00,2025-10-24T21:55:17-07:00,NaN,26
global.js,169,js,1567f659,mmzhang7,2025-10-24,21:55:17,-07:00,2025-10-24T21:55:17-07:00,NaN,72
global.js,170,js,1567f659,mmzhang7,2025-10-24,21:55:17,-07:00,2025-10-24T21:55:17-07:00,NaN,2
global.js,171,js,1567f659,mmzhang7,2025-10-24,21:55:17,-07:00,2025-10-24T21:55:17-07:00,NaN,1
global.js,172,js,1567f659,mmzhang7,2025-10-24,21:55:17,-07:00,2025-10-24T21:55:17-07:00,NaN,0
global.js,173,js,1567f659,mmzhang7,2025-10-24,21:55:17,-07:00,2025-10-24T21:55:17-07:00,NaN,49
global.js,174,js,1567f659,mmzhang7,2025-10-24,21:55:17,-07:00,2025-10-24T21:55:17-07:00,NaN,61
global.js,175,js,1567f659,mmzhang7,2025-10-24,21:55:17,-07:00,2025-10-24T21:55:17-07:00,NaN,1
resume\index.html,1,html,bd512a22,mmzhang7,2025-10-03,23:06:14,-07:00,2025-10-03T23:06:14-07:00,NaN,15
resume\index.html,2,html,bd512a22,mmzhang7,2025-10-03,23:06:14,-07:00,2025-10-03T23:06:14-07:00,NaN,16
resume\index.html,3,html,bd512a22,mmzhang7,2025-10-03,23:06:14,-07:00,2025-10-03T23:06:14-07:00,NaN,6
resume\index.html,4,html,bd512a22,mmzhang7,2025-10-03,23:06:14,-07:00,2025-10-03T23:06:14-07:00,NaN,22
resume\index.html,5,html,bd512a22,mmzhang7,2025-10-03,23:06:14,-07:00,2025-10-03T23:06:14-07:00,NaN,70
resume\index.html,6,html,bd512a22,mmzhang7,2025-10-03,23:06:14,-07:00,2025-10-03T23:06:14-07:00,NaN,36
resume\index.html,7,html,70d65621,mmzhang7,2025-10-11,23:36:59,-07:00,2025-10-11T23:36:59-07:00,NaN,43
resume\index.html,8,html,70d65621,mmzhang7,2025-10-11,23:36:59,-07:00,2025-10-11T23:36:59-07:00,NaN,0
resume\index.html,9,html,70d65621,mmzhang7,2025-10-11,23:36:59,-07:00,2025-10-11T23:36:59-07:00,NaN,7
resume\index.html,10,html,70d65621,mmzhang7,2025-10-11,23:36:59,-07:00,2025-10-11T23:36:59-07:00,NaN,6
resume\index.html,11,html,bd512a22,mmzhang7,2025-10-03,23:06:14,-07:00,2025-10-03T23:06:14-07:00,NaN,5
resume\index.html,12,html,bd512a22,mmzhang7,2025-10-03,23:06:14,-07:00,2025-10-03T23:06:14-07:00,NaN,4
resume\index.html,13,html,cfaa314a,mmzhang7,2025-10-17,20:15:12,-07:00,2025-10-17T20:15:12-07:00,NaN,48
resume\index.html,14,html,bd512a22,mmzhang7,2025-10-03,23:06:14,-07:00,2025-10-03T23:06:14-07:00,NaN,52
resume\index.html,15,html,cfaa314a,mmzhang7,2025-10-17,20:15:12,-07:00,2025-10-17T20:15:12-07:00,NaN,61
resume\index.html,16,html,cfaa314a,mmzhang7,2025-10-17,20:15:12,-07:00,2025-10-17T20:15:12-07:00,NaN,60
resume\index.html,17,html,cfaa314a,mmzhang7,2025-10-17,20:15:12,-07:00,2025-10-17T20:15:12-07:00,NaN,81
resume\index.html,18,html,cfaa314a,mmzhang7,2025-10-17,20:15:12,-07:00,2025-10-17T20:15:12-07:00,NaN,57
resume\index.html,19,html,bd512a22,mmzhang7,2025-10-03,23:06:14,-07:00,2025-10-03T23:06:14-07:00,NaN,5
resume\index.html,20,html,70d65621,mmzhang7,2025-10-11,23:36:59,-07:00,2025-10-11T23:36:59-07:00,NaN,6
resume\index.html,21,html,70d65621,mmzhang7,2025-10-11,23:36:59,-07:00,2025-10-11T23:36:59-07:00,NaN,0
resume\index.html,22,html,bd512a22,mmzhang7,2025-10-03,23:06:14,-07:00,2025-10-03T23:06:14-07:00,NaN,35
resume\index.html,23,html,bd512a22,mmzhang7,2025-10-03,23:06:14,-07:00,2025-10-03T23:06:14-07:00,NaN,21
resume\index.html,24,html,bd512a22,mmzhang7,2025-10-03,23:06:14,-07:00,2025-10-03T23:06:14-07:00,NaN,3
resume\index.html,25,html,bd512a22,mmzhang7,2025-10-03,23:06:14,-07:00,2025-10-03T23:06:14-07:00,NaN,16
resume\index.html,26,html,bd512a22,mmzhang7,2025-10-03,23:06:14,-07:00,2025-10-03T23:06:14-07:00,NaN,54
resume\index.html,27,html,bd512a22,mmzhang7,2025-10-03,23:06:14,-07:00,2025-10-03T23:06:14-07:00,NaN,69
resume\index.html,28,html,bd512a22,mmzhang7,2025-10-03,23:06:14,-07:00,2025-10-03T23:06:14-07:00,NaN,48
resume\index.html,29,html,bd512a22,mmzhang7,2025-10-03,23:06:14,-07:00,2025-10-03T23:06:14-07:00,NaN,4
resume\index.html,30,html,bd512a22,mmzhang7,2025-10-03,23:06:14,-07:00,2025-10-03T23:06:14-07:00,NaN,9
resume\index.html,31,html,bd512a22,mmzhang7,2025-10-03,23:06:14,-07:00,2025-10-03T23:06:14-07:00,NaN,0
resume\index.html,32,html,70d65621,mmzhang7,2025-10-11,23:36:59,-07:00,2025-10-11T23:36:59-07:00,NaN,24
resume\index.html,33,html,70d65621,mmzhang7,2025-10-11,23:36:59,-07:00,2025-10-11T23:36:59-07:00,NaN,18
resume\index.html,34,html,70d65621,mmzhang7,2025-10-11,23:36:59,-07:00,2025-10-11T23:36:59-07:00,NaN,9
resume\index.html,35,html,70d65621,mmzhang7,2025-10-11,23:36:59,-07:00,2025-10-11T23:36:59-07:00,NaN,8
resume\index.html,36,html,70d65621,mmzhang7,2025-10-11,23:36:59,-07:00,2025-10-11T23:36:59-07:00,NaN,18
resume\index.html,37,html,70d65621,mmzhang7,2025-10-11,23:36:59,-07:00,2025-10-11T23:36:59-07:00,NaN,44
resume\index.html,38,html,70d65621,mmzhang7,2025-10-11,23:36:59,-07:00,2025-10-11T23:36:59-07:00,NaN,19
resume\index.html,39,html,70d65621,mmzhang7,2025-10-11,23:36:59,-07:00,2025-10-11T23:36:59-07:00,NaN,6
resume\index.html,40,html,70d65621,mmzhang7,2025-10-11,23:36:59,-07:00,2025-10-11T23:36:59-07:00,NaN,19
resume\index.html,41,html,70d65621,mmzhang7,2025-10-11,23:36:59,-07:00,2025-10-11T23:36:59-07:00,NaN,117
resume\index.html,42,html,70d65621,mmzhang7,2025-10-11,23:36:59,-07:00,2025-10-11T23:36:59-07:00,NaN,6
resume\index.html,43,html,70d65621,mmzhang7,2025-10-11,23:36:59,-07:00,2025-10-11T23:36:59-07:00,NaN,9
resume\index.html,44,html,70d65621,mmzhang7,2025-10-11,23:36:59,-07:00,2025-10-11T23:36:59-07:00,NaN,93
resume\index.html,45,html,70d65621,mmzhang7,2025-10-11,23:36:59,-07:00,2025-10-11T23:36:59-07:00,NaN,40
resume\index.html,46,html,70d65621,mmzhang7,2025-10-11,23:36:59,-07:00,2025-10-11T23:36:59-07:00,NaN,10
resume\index.html,47,html,70d65621,mmzhang7,2025-10-11,23:36:59,-07:00,2025-10-11T23:36:59-07:00,NaN,10
resume\index.html,48,html,bd512a22,mmzhang7,2025-10-03,23:06:14,-07:00,2025-10-03T23:06:14-07:00,NaN,0
resume\index.html,49,html,70d65621,mmzhang7,2025-10-11,23:36:59,-07:00,2025-10-11T23:36:59-07:00,NaN,25
resume\index.html,50,html,70d65621,mmzhang7,2025-10-11,23:36:59,-07:00,2025-10-11T23:36:59-07:00,NaN,19
resume\index.html,51,html,bd512a22,mmzhang7,2025-10-03,23:06:14,-07:00,2025-10-03T23:06:14-07:00,NaN,0
resume\index.html,52,html,70d65621,mmzhang7,2025-10-11,23:36:59,-07:00,2025-10-11T23:36:59-07:00,NaN,9
resume\index.html,53,html,70d65621,mmzhang7,2025-10-11,23:36:59,-07:00,2025-10-11T23:36:59-07:00,NaN,8
resume\index.html,54,html,70d65621,mmzhang7,2025-10-11,23:36:59,-07:00,2025-10-11T23:36:59-07:00,NaN,18
resume\index.html,55,html,70d65621,mmzhang7,2025-10-11,23:36:59,-07:00,2025-10-11T23:36:59-07:00,NaN,28
resume\index.html,56,html,70d65621,mmzhang7,2025-10-11,23:36:59,-07:00,2025-10-11T23:36:59-07:00,NaN,66
resume\index.html,57,html,70d65621,mmzhang7,2025-10-11,23:36:59,-07:00,2025-10-11T23:36:59-07:00,NaN,6
resume\index.html,58,html,70d65621,mmzhang7,2025-10-11,23:36:59,-07:00,2025-10-11T23:36:59-07:00,NaN,19
resume\index.html,59,html,cfaa314a,mmzhang7,2025-10-17,20:15:12,-07:00,2025-10-17T20:15:12-07:00,NaN,116
resume\index.html,60,html,70d65621,mmzhang7,2025-10-11,23:36:59,-07:00,2025-10-11T23:36:59-07:00,NaN,6
resume\index.html,61,html,70d65621,mmzhang7,2025-10-11,23:36:59,-07:00,2025-10-11T23:36:59-07:00,NaN,9
resume\index.html,62,html,70d65621,mmzhang7,2025-10-11,23:36:59,-07:00,2025-10-11T23:36:59-07:00,NaN,4
resume\index.html,63,html,70d65621,mmzhang7,2025-10-11,23:36:59,-07:00,2025-10-11T23:36:59-07:00,NaN,135
resume\index.html,64,html,70d65621,mmzhang7,2025-10-11,23:36:59,-07:00,2025-10-11T23:36:59-07:00,NaN,103
resume\index.html,65,html,70d65621,mmzhang7,2025-10-11,23:36:59,-07:00,2025-10-11T23:36:59-07:00,NaN,5
resume\index.html,66,html,70d65621,mmzhang7,2025-10-11,23:36:59,-07:00,2025-10-11T23:36:59-07:00,NaN,10
resume\index.html,67,html,bd512a22,mmzhang7,2025-10-03,23:06:14,-07:00,2025-10-03T23:06:14-07:00,NaN,0
resume\index.html,68,html,70d65621,mmzhang7,2025-10-11,23:36:59,-07:00,2025-10-11T23:36:59-07:00,NaN,9
resume\index.html,69,html,70d65621,mmzhang7,2025-10-11,23:36:59,-07:00,2025-10-11T23:36:59-07:00,NaN,8
resume\index.html,70,html,70d65621,mmzhang7,2025-10-11,23:36:59,-07:00,2025-10-11T23:36:59-07:00,NaN,18
resume\index.html,71,html,70d65621,mmzhang7,2025-10-11,23:36:59,-07:00,2025-10-11T23:36:59-07:00,NaN,28
resume\index.html,72,html,70d65621,mmzhang7,2025-10-11,23:36:59,-07:00,2025-10-11T23:36:59-07:00,NaN,38
resume\index.html,73,html,70d65621,mmzhang7,2025-10-11,23:36:59,-07:00,2025-10-11T23:36:59-07:00,NaN,6
resume\index.html,74,html,70d65621,mmzhang7,2025-10-11,23:36:59,-07:00,2025-10-11T23:36:59-07:00,NaN,19
resume\index.html,75,html,cfaa314a,mmzhang7,2025-10-17,20:15:12,-07:00,2025-10-17T20:15:12-07:00,NaN,113
resume\index.html,76,html,70d65621,mmzhang7,2025-10-11,23:36:59,-07:00,2025-10-11T23:36:59-07:00,NaN,6
resume\index.html,77,html,70d65621,mmzhang7,2025-10-11,23:36:59,-07:00,2025-10-11T23:36:59-07:00,NaN,9
resume\index.html,78,html,70d65621,mmzhang7,2025-10-11,23:36:59,-07:00,2025-10-11T23:36:59-07:00,NaN,4
resume\index.html,79,html,70d65621,mmzhang7,2025-10-11,23:36:59,-07:00,2025-10-11T23:36:59-07:00,NaN,93
resume\index.html,80,html,70d65621,mmzhang7,2025-10-11,23:36:59,-07:00,2025-10-11T23:36:59-07:00,NaN,88
resume\index.html,81,html,70d65621,mmzhang7,2025-10-11,23:36:59,-07:00,2025-10-11T23:36:59-07:00,NaN,74
resume\index.html,82,html,70d65621,mmzhang7,2025-10-11,23:36:59,-07:00,2025-10-11T23:36:59-07:00,NaN,5
resume\index.html,83,html,70d65621,mmzhang7,2025-10-11,23:36:59,-07:00,2025-10-11T23:36:59-07:00,NaN,10
resume\index.html,84,html,bd512a22,mmzhang7,2025-10-03,23:06:14,-07:00,2025-10-03T23:06:14-07:00,NaN,0
resume\index.html,85,html,70d65621,mmzhang7,2025-10-11,23:36:59,-07:00,2025-10-11T23:36:59-07:00,NaN,9
resume\index.html,86,html,70d65621,mmzhang7,2025-10-11,23:36:59,-07:00,2025-10-11T23:36:59-07:00,NaN,8
resume\index.html,87,html,70d65621,mmzhang7,2025-10-11,23:36:59,-07:00,2025-10-11T23:36:59-07:00,NaN,18
resume\index.html,88,html,70d65621,mmzhang7,2025-10-11,23:36:59,-07:00,2025-10-11T23:36:59-07:00,NaN,30
resume\index.html,89,html,70d65621,mmzhang7,2025-10-11,23:36:59,-07:00,2025-10-11T23:36:59-07:00,NaN,31
resume\index.html,90,html,70d65621,mmzhang7,2025-10-11,23:36:59,-07:00,2025-10-11T23:36:59-07:00,NaN,6
resume\index.html,91,html,70d65621,mmzhang7,2025-10-11,23:36:59,-07:00,2025-10-11T23:36:59-07:00,NaN,19
resume\index.html,92,html,70d65621,mmzhang7,2025-10-11,23:36:59,-07:00,2025-10-11T23:36:59-07:00,NaN,116
resume\index.html,93,html,70d65621,mmzhang7,2025-10-11,23:36:59,-07:00,2025-10-11T23:36:59-07:00,NaN,6
resume\index.html,94,html,70d65621,mmzhang7,2025-10-11,23:36:59,-07:00,2025-10-11T23:36:59-07:00,NaN,9
resume\index.html,95,html,70d65621,mmzhang7,2025-10-11,23:36:59,-07:00,2025-10-11T23:36:59-07:00,NaN,4
resume\index.html,96,html,70d65621,mmzhang7,2025-10-11,23:36:59,-07:00,2025-10-11T23:36:59-07:00,NaN,79
resume\index.html,97,html,70d65621,mmzhang7,2025-10-11,23:36:59,-07:00,2025-10-11T23:36:59-07:00,NaN,75
resume\index.html,98,html,70d65621,mmzhang7,2025-10-11,23:36:59,-07:00,2025-10-11T23:36:59-07:00,NaN,5
resume\index.html,99,html,70d65621,mmzhang7,2025-10-11,23:36:59,-07:00,2025-10-11T23:36:59-07:00,NaN,10
resume\index.html,100,html,bd512a22,mmzhang7,2025-10-03,23:06:14,-07:00,2025-10-03T23:06:14-07:00,NaN,0
resume\index.html,101,html,70d65621,mmzhang7,2025-10-11,23:36:59,-07:00,2025-10-11T23:36:59-07:00,NaN,9
resume\index.html,102,html,70d65621,mmzhang7,2025-10-11,23:36:59,-07:00,2025-10-11T23:36:59-07:00,NaN,8
resume\index.html,103,html,70d65621,mmzhang7,2025-10-11,23:36:59,-07:00,2025-10-11T23:36:59-07:00,NaN,18
resume\index.html,104,html,70d65621,mmzhang7,2025-10-11,23:36:59,-07:00,2025-10-11T23:36:59-07:00,NaN,28
resume\index.html,105,html,70d65621,mmzhang7,2025-10-11,23:36:59,-07:00,2025-10-11T23:36:59-07:00,NaN,52
resume\index.html,106,html,70d65621,mmzhang7,2025-10-11,23:36:59,-07:00,2025-10-11T23:36:59-07:00,NaN,6
resume\index.html,107,html,70d65621,mmzhang7,2025-10-11,23:36:59,-07:00,2025-10-11T23:36:59-07:00,NaN,19
resume\index.html,108,html,70d65621,mmzhang7,2025-10-11,23:36:59,-07:00,2025-10-11T23:36:59-07:00,NaN,115
resume\index.html,109,html,70d65621,mmzhang7,2025-10-11,23:36:59,-07:00,2025-10-11T23:36:59-07:00,NaN,6
resume\index.html,110,html,70d65621,mmzhang7,2025-10-11,23:36:59,-07:00,2025-10-11T23:36:59-07:00,NaN,9
resume\index.html,111,html,70d65621,mmzhang7,2025-10-11,23:36:59,-07:00,2025-10-11T23:36:59-07:00,NaN,4
resume\index.html,112,html,70d65621,mmzhang7,2025-10-11,23:36:59,-07:00,2025-10-11T23:36:59-07:00,NaN,110
resume\index.html,113,html,70d65621,mmzhang7,2025-10-11,23:36:59,-07:00,2025-10-11T23:36:59-07:00,NaN,103
resume\index.html,114,html,70d65621,mmzhang7,2025-10-11,23:36:59,-07:00,2025-10-11T23:36:59-07:00,NaN,5
resume\index.html,115,html,70d65621,mmzhang7,2025-10-11,23:36:59,-07:00,2025-10-11T23:36:59-07:00,NaN,10
resume\index.html,116,html,70d65621,mmzhang7,2025-10-11,23:36:59,-07:00,2025-10-11T23:36:59-07:00,NaN,10
resume\index.html,117,html,bd512a22,mmzhang7,2025-10-03,23:06:14,-07:00,2025-10-03T23:06:14-07:00,NaN,0
resume\index.html,118,html,70d65621,mmzhang7,2025-10-11,23:36:59,-07:00,2025-10-11T23:36:59-07:00,NaN,23
resume\index.html,119,html,70d65621,mmzhang7,2025-10-11,23:36:59,-07:00,2025-10-11T23:36:59-07:00,NaN,17
resume\index.html,120,html,bd512a22,mmzhang7,2025-10-03,23:06:14,-07:00,2025-10-03T23:06:14-07:00,NaN,0
resume\index.html,121,html,70d65621,mmzhang7,2025-10-11,23:36:59,-07:00,2025-10-11T23:36:59-07:00,NaN,9
resume\index.html,122,html,70d65621,mmzhang7,2025-10-11,23:36:59,-07:00,2025-10-11T23:36:59-07:00,NaN,8
resume\index.html,123,html,70d65621,mmzhang7,2025-10-11,23:36:59,-07:00,2025-10-11T23:36:59-07:00,NaN,18
resume\index.html,124,html,70d65621,mmzhang7,2025-10-11,23:36:59,-07:00,2025-10-11T23:36:59-07:00,NaN,115
resume\index.html,125,html,70d65621,mmzhang7,2025-10-11,23:36:59,-07:00,2025-10-11T23:36:59-07:00,NaN,6
resume\index.html,126,html,70d65621,mmzhang7,2025-10-11,23:36:59,-07:00,2025-10-11T23:36:59-07:00,NaN,19
resume\index.html,127,html,70d65621,mmzhang7,2025-10-11,23:36:59,-07:00,2025-10-11T23:36:59-07:00,NaN,108
resume\index.html,128,html,70d65621,mmzhang7,2025-10-11,23:36:59,-07:00,2025-10-11T23:36:59-07:00,NaN,6
resume\index.html,129,html,70d65621,mmzhang7,2025-10-11,23:36:59,-07:00,2025-10-11T23:36:59-07:00,NaN,9
resume\index.html,130,html,70d65621,mmzhang7,2025-10-11,23:36:59,-07:00,2025-10-11T23:36:59-07:00,NaN,4
resume\index.html,131,html,70d65621,mmzhang7,2025-10-11,23:36:59,-07:00,2025-10-11T23:36:59-07:00,NaN,117
resume\index.html,132,html,70d65621,mmzhang7,2025-10-11,23:36:59,-07:00,2025-10-11T23:36:59-07:00,NaN,125
resume\index.html,133,html,70d65621,mmzhang7,2025-10-11,23:36:59,-07:00,2025-10-11T23:36:59-07:00,NaN,5
resume\index.html,134,html,70d65621,mmzhang7,2025-10-11,23:36:59,-07:00,2025-10-11T23:36:59-07:00,NaN,10
resume\index.html,135,html,bd512a22,mmzhang7,2025-10-03,23:06:14,-07:00,2025-10-03T23:06:14-07:00,NaN,0
resume\index.html,136,html,70d65621,mmzhang7,2025-10-11,23:36:59,-07:00,2025-10-11T23:36:59-07:00,NaN,9
resume\index.html,137,html,70d65621,mmzhang7,2025-10-11,23:36:59,-07:00,2025-10-11T23:36:59-07:00,NaN,8
resume\index.html,138,html,70d65621,mmzhang7,2025-10-11,23:36:59,-07:00,2025-10-11T23:36:59-07:00,NaN,18
resume\index.html,139,html,70d65621,mmzhang7,2025-10-11,23:36:59,-07:00,2025-10-11T23:36:59-07:00,NaN,140
resume\index.html,140,html,70d65621,mmzhang7,2025-10-11,23:36:59,-07:00,2025-10-11T23:36:59-07:00,NaN,6
resume\index.html,141,html,70d65621,mmzhang7,2025-10-11,23:36:59,-07:00,2025-10-11T23:36:59-07:00,NaN,19
resume\index.html,142,html,70d65621,mmzhang7,2025-10-11,23:36:59,-07:00,2025-10-11T23:36:59-07:00,NaN,115
resume\index.html,143,html,70d65621,mmzhang7,2025-10-11,23:36:59,-07:00,2025-10-11T23:36:59-07:00,NaN,6
resume\index.html,144,html,70d65621,mmzhang7,2025-10-11,23:36:59,-07:00,2025-10-11T23:36:59-07:00,NaN,9
resume\index.html,145,html,70d65621,mmzhang7,2025-10-11,23:36:59,-07:00,2025-10-11T23:36:59-07:00,NaN,4
resume\index.html,146,html,70d65621,mmzhang7,2025-10-11,23:36:59,-07:00,2025-10-11T23:36:59-07:00,NaN,65
resume\index.html,147,html,70d65621,mmzhang7,2025-10-11,23:36:59,-07:00,2025-10-11T23:36:59-07:00,NaN,106
resume\index.html,148,html,70d65621,mmzhang7,2025-10-11,23:36:59,-07:00,2025-10-11T23:36:59-07:00,NaN,5
resume\index.html,149,html,70d65621,mmzhang7,2025-10-11,23:36:59,-07:00,2025-10-11T23:36:59-07:00,NaN,10
resume\index.html,150,html,70d65621,mmzhang7,2025-10-11,23:36:59,-07:00,2025-10-11T23:36:59-07:00,NaN,10
resume\index.html,151,html,bd512a22,mmzhang7,2025-10-03,23:06:14,-07:00,2025-10-03T23:06:14-07:00,NaN,0
resume\index.html,152,html,bd512a22,mmzhang7,2025-10-03,23:06:14,-07:00,2025-10-03T23:06:14-07:00,NaN,21
resume\index.html,153,html,bd512a22,mmzhang7,2025-10-03,23:06:14,-07:00,2025-10-03T23:06:14-07:00,NaN,25
resume\index.html,154,html,bd512a22,mmzhang7,2025-10-03,23:06:14,-07:00,2025-10-03T23:06:14-07:00,NaN,4
resume\index.html,155,html,bd512a22,mmzhang7,2025-10-03,23:06:14,-07:00,2025-10-03T23:06:14-07:00,NaN,82
resume\index.html,156,html,bd512a22,mmzhang7,2025-10-03,23:06:14,-07:00,2025-10-03T23:06:14-07:00,NaN,62
resume\index.html,157,html,bd512a22,mmzhang7,2025-10-03,23:06:14,-07:00,2025-10-03T23:06:14-07:00,NaN,101
resume\index.html,158,html,bd512a22,mmzhang7,2025-10-03,23:06:14,-07:00,2025-10-03T23:06:14-07:00,NaN,90
resume\index.html,159,html,bd512a22,mmzhang7,2025-10-03,23:06:14,-07:00,2025-10-03T23:06:14-07:00,NaN,5
resume\index.html,160,html,bd512a22,mmzhang7,2025-10-03,23:06:14,-07:00,2025-10-03T23:06:14-07:00,NaN,10
resume\index.html,161,html,bd512a22,mmzhang7,2025-10-03,23:06:14,-07:00,2025-10-03T23:06:14-07:00,NaN,0
resume\index.html,162,html,bd512a22,mmzhang7,2025-10-03,23:06:14,-07:00,2025-10-03T23:06:14-07:00,NaN,25
resume\index.html,163,html,bd512a22,mmzhang7,2025-10-03,23:06:14,-07:00,2025-10-03T23:06:14-07:00,NaN,28
resume\index.html,164,html,bd512a22,mmzhang7,2025-10-03,23:06:14,-07:00,2025-10-03T23:06:14-07:00,NaN,4
resume\index.html,165,html,bd512a22,mmzhang7,2025-10-03,23:06:14,-07:00,2025-10-03T23:06:14-07:00,NaN,162
resume\index.html,166,html,bd512a22,mmzhang7,2025-10-03,23:06:14,-07:00,2025-10-03T23:06:14-07:00,NaN,178
resume\index.html,167,html,bd512a22,mmzhang7,2025-10-03,23:06:14,-07:00,2025-10-03T23:06:14-07:00,NaN,116
resume\index.html,168,html,bd512a22,mmzhang7,2025-10-03,23:06:14,-07:00,2025-10-03T23:06:14-07:00,NaN,104
resume\index.html,169,html,bd512a22,mmzhang7,2025-10-03,23:06:14,-07:00,2025-10-03T23:06:14-07:00,NaN,5
resume\index.html,170,html,bd512a22,mmzhang7,2025-10-03,23:06:14,-07:00,2025-10-03T23:06:14-07:00,NaN,10
resume\index.html,171,html,d4576d93,mmzhang7,2025-10-17,19:43:58,-07:00,2025-10-17T19:43:58-07:00,NaN,50
resume\index.html,172,html,bd512a22,mmzhang7,2025-10-03,23:06:14,-07:00,2025-10-03T23:06:14-07:00,NaN,7
resume\index.html,173,html,bd512a22,mmzhang7,2025-10-03,23:06:14,-07:00,2025-10-03T23:06:14-07:00,NaN,7
projects\projects.js,1,js,1567f659,mmzhang7,2025-10-24,21:55:17,-07:00,2025-10-24T21:55:17-07:00,NaN,77
projects\projects.js,2,js,b53ff7ef,mmzhang7,2025-10-31,23:56:53,-07:00,2025-10-31T23:56:53-07:00,NaN,65
projects\projects.js,3,js,1567f659,mmzhang7,2025-10-24,21:55:17,-07:00,2025-10-24T21:55:17-07:00,NaN,0
projects\projects.js,4,js,1567f659,mmzhang7,2025-10-24,21:55:17,-07:00,2025-10-24T21:55:17-07:00,NaN,57
projects\projects.js,5,js,1567f659,mmzhang7,2025-10-24,21:55:17,-07:00,2025-10-24T21:55:17-07:00,NaN,62
projects\projects.js,6,js,1567f659,mmzhang7,2025-10-24,21:55:17,-07:00,2025-10-24T21:55:17-07:00,NaN,62
projects\projects.js,7,js,b53ff7ef,mmzhang7,2025-10-31,23:56:53,-07:00,2025-10-31T23:56:53-07:00,NaN,57
projects\projects.js,8,js,b53ff7ef,mmzhang7,2025-10-31,23:56:53,-07:00,2025-10-31T23:56:53-07:00,NaN,0
projects\projects.js,9,js,b53ff7ef,mmzhang7,2025-10-31,23:56:53,-07:00,2025-10-31T23:56:53-07:00,NaN,15
projects\projects.js,10,js,b53ff7ef,mmzhang7,2025-10-31,23:56:53,-07:00,2025-10-31T23:56:53-07:00,NaN,23
projects\projects.js,11,js,b53ff7ef,mmzhang7,2025-10-31,23:56:53,-07:00,2025-10-31T23:56:53-07:00,NaN,21
projects\projects.js,12,js,b53ff7ef,mmzhang7,2025-10-31,23:56:53,-07:00,2025-10-31T23:56:53-07:00,NaN,30
projects\projects.js,13,js,b53ff7ef,mmzhang7,2025-10-31,23:56:53,-07:00,2025-10-31T23:56:53-07:00,NaN,0
projects\projects.js,14,js,b53ff7ef,mmzhang7,2025-10-31,23:56:53,-07:00,2025-10-31T23:56:53-07:00,NaN,28
projects\projects.js,15,js,b53ff7ef,mmzhang7,2025-10-31,23:56:53,-07:00,2025-10-31T23:56:53-07:00,NaN,42
projects\projects.js,16,js,b53ff7ef,mmzhang7,2025-10-31,23:56:53,-07:00,2025-10-31T23:56:53-07:00,NaN,34
projects\projects.js,17,js,b53ff7ef,mmzhang7,2025-10-31,23:56:53,-07:00,2025-10-31T23:56:53-07:00,NaN,31
projects\projects.js,18,js,b53ff7ef,mmzhang7,2025-10-31,23:56:53,-07:00,2025-10-31T23:56:53-07:00,NaN,32
projects\projects.js,19,js,b53ff7ef,mmzhang7,2025-10-31,23:56:53,-07:00,2025-10-31T23:56:53-07:00,NaN,0
projects\projects.js,20,js,b53ff7ef,mmzhang7,2025-10-31,23:56:53,-07:00,2025-10-31T23:56:53-07:00,NaN,0
projects\projects.js,21,js,b53ff7ef,mmzhang7,2025-10-31,23:56:53,-07:00,2025-10-31T23:56:53-07:00,NaN,28
projects\projects.js,22,js,b53ff7ef,mmzhang7,2025-10-31,23:56:53,-07:00,2025-10-31T23:56:53-07:00,NaN,9
projects\projects.js,23,js,b53ff7ef,mmzhang7,2025-10-31,23:56:53,-07:00,2025-10-31T23:56:53-07:00,NaN,16
projects\projects.js,24,js,b53ff7ef,mmzhang7,2025-10-31,23:56:53,-07:00,2025-10-31T23:56:53-07:00,NaN,14
projects\projects.js,25,js,b53ff7ef,mmzhang7,2025-10-31,23:56:53,-07:00,2025-10-31T23:56:53-07:00,NaN,2
projects\projects.js,26,js,b53ff7ef,mmzhang7,2025-10-31,23:56:53,-07:00,2025-10-31T23:56:53-07:00,NaN,0
projects\projects.js,27,js,b53ff7ef,mmzhang7,2025-10-31,23:56:53,-07:00,2025-10-31T23:56:53-07:00,NaN,49
projects\projects.js,28,js,b53ff7ef,mmzhang7,2025-10-31,23:56:53,-07:00,2025-10-31T23:56:53-07:00,NaN,37
projects\projects.js,29,js,b53ff7ef,mmzhang7,2025-10-31,23:56:53,-07:00,2025-10-31T23:56:53-07:00,NaN,3
projects\projects.js,30,js,b53ff7ef,mmzhang7,2025-10-31,23:56:53,-07:00,2025-10-31T23:56:53-07:00,NaN,0
projects\projects.js,31,js,b53ff7ef,mmzhang7,2025-10-31,23:56:53,-07:00,2025-10-31T23:56:53-07:00,NaN,0
projects\projects.js,32,js,b53ff7ef,mmzhang7,2025-10-31,23:56:53,-07:00,2025-10-31T23:56:53-07:00,NaN,22
projects\projects.js,33,js,b53ff7ef,mmzhang7,2025-10-31,23:56:53,-07:00,2025-10-31T23:56:53-07:00,NaN,12
projects\projects.js,34,js,b53ff7ef,mmzhang7,2025-10-31,23:56:53,-07:00,2025-10-31T23:56:53-07:00,NaN,8
projects\projects.js,35,js,b53ff7ef,mmzhang7,2025-10-31,23:56:53,-07:00,2025-10-31T23:56:53-07:00,NaN,22
projects\projects.js,36,js,b53ff7ef,mmzhang7,2025-10-31,23:56:53,-07:00,2025-10-31T23:56:53-07:00,NaN,61
projects\projects.js,37,js,b53ff7ef,mmzhang7,2025-10-31,23:56:53,-07:00,2025-10-31T23:56:53-07:00,NaN,44
projects\projects.js,38,js,b53ff7ef,mmzhang7,2025-10-31,23:56:53,-07:00,2025-10-31T23:56:53-07:00,NaN,2
projects\projects.js,39,js,b53ff7ef,mmzhang7,2025-10-31,23:56:53,-07:00,2025-10-31T23:56:53-07:00,NaN,53
projects\projects.js,40,js,b53ff7ef,mmzhang7,2025-10-31,23:56:53,-07:00,2025-10-31T23:56:53-07:00,NaN,1
projects\projects.js,41,js,b53ff7ef,mmzhang7,2025-10-31,23:56:53,-07:00,2025-10-31T23:56:53-07:00,NaN,0
projects\projects.js,42,js,b53ff7ef,mmzhang7,2025-10-31,23:56:53,-07:00,2025-10-31T23:56:53-07:00,NaN,59
projects\projects.js,43,js,b53ff7ef,mmzhang7,2025-10-31,23:56:53,-07:00,2025-10-31T23:56:53-07:00,NaN,52
projects\projects.js,44,js,b53ff7ef,mmzhang7,2025-10-31,23:56:53,-07:00,2025-10-31T23:56:53-07:00,NaN,42
projects\projects.js,45,js,b53ff7ef,mmzhang7,2025-10-31,23:56:53,-07:00,2025-10-31T23:56:53-07:00,NaN,47
projects\projects.js,46,js,b53ff7ef,mmzhang7,2025-10-31,23:56:53,-07:00,2025-10-31T23:56:53-07:00,NaN,49
projects\projects.js,47,js,b53ff7ef,mmzhang7,2025-10-31,23:56:53,-07:00,2025-10-31T23:56:53-07:00,NaN,0
projects\projects.js,48,js,b53ff7ef,mmzhang7,2025-10-31,23:56:53,-07:00,2025-10-31T23:56:53-07:00,NaN,30
projects\projects.js,49,js,b53ff7ef,mmzhang7,2025-10-31,23:56:53,-07:00,2025-10-31T23:56:53-07:00,NaN,38
projects\projects.js,50,js,b53ff7ef,mmzhang7,2025-10-31,23:56:53,-07:00,2025-10-31T23:56:53-07:00,NaN,0
projects\projects.js,51,js,b53ff7ef,mmzhang7,2025-10-31,23:56:53,-07:00,2025-10-31T23:56:53-07:00,NaN,18
projects\projects.js,52,js,b53ff7ef,mmzhang7,2025-10-31,23:56:53,-07:00,2025-10-31T23:56:53-07:00,NaN,15
projects\projects.js,53,js,b53ff7ef,mmzhang7,2025-10-31,23:56:53,-07:00,2025-10-31T23:56:53-07:00,NaN,28
projects\projects.js,54,js,b53ff7ef,mmzhang7,2025-10-31,23:56:53,-07:00,2025-10-31T23:56:53-07:00,NaN,26
projects\projects.js,55,js,b53ff7ef,mmzhang7,2025-10-31,23:56:53,-07:00,2025-10-31T23:56:53-07:00,NaN,16
projects\projects.js,56,js,b53ff7ef,mmzhang7,2025-10-31,23:56:53,-07:00,2025-10-31T23:56:53-07:00,NaN,42
projects\projects.js,57,js,b53ff7ef,mmzhang7,2025-10-31,23:56:53,-07:00,2025-10-31T23:56:53-07:00,NaN,49
projects\projects.js,58,js,b53ff7ef,mmzhang7,2025-10-31,23:56:53,-07:00,2025-10-31T23:56:53-07:00,NaN,19
projects\projects.js,59,js,b53ff7ef,mmzhang7,2025-10-31,23:56:53,-07:00,2025-10-31T23:56:53-07:00,NaN,43
projects\projects.js,60,js,b53ff7ef,mmzhang7,2025-10-31,23:56:53,-07:00,2025-10-31T23:56:53-07:00,NaN,3
projects\projects.js,61,js,b53ff7ef,mmzhang7,2025-10-31,23:56:53,-07:00,2025-10-31T23:56:53-07:00,NaN,0
projects\projects.js,62,js,b53ff7ef,mmzhang7,2025-10-31,23:56:53,-07:00,2025-10-31T23:56:53-07:00,NaN,0
projects\projects.js,63,js,b53ff7ef,mmzhang7,2025-10-31,23:56:53,-07:00,2025-10-31T23:56:53-07:00,NaN,33
projects\projects.js,64,js,b53ff7ef,mmzhang7,2025-10-31,23:56:53,-07:00,2025-10-31T23:56:53-07:00,NaN,19
projects\projects.js,65,js,b53ff7ef,mmzhang7,2025-10-31,23:56:53,-07:00,2025-10-31T23:56:53-07:00,NaN,40
projects\projects.js,66,js,b53ff7ef,mmzhang7,2025-10-31,23:56:53,-07:00,2025-10-31T23:56:53-07:00,NaN,24
projects\projects.js,67,js,b53ff7ef,mmzhang7,2025-10-31,23:56:53,-07:00,2025-10-31T23:56:53-07:00,NaN,16
projects\projects.js,68,js,b53ff7ef,mmzhang7,2025-10-31,23:56:53,-07:00,2025-10-31T23:56:53-07:00,NaN,14
projects\projects.js,69,js,b53ff7ef,mmzhang7,2025-10-31,23:56:53,-07:00,2025-10-31T23:56:53-07:00,NaN,40
projects\projects.js,70,js,b53ff7ef,mmzhang7,2025-10-31,23:56:53,-07:00,2025-10-31T23:56:53-07:00,NaN,52
projects\projects.js,71,js,b53ff7ef,mmzhang7,2025-10-31,23:56:53,-07:00,2025-10-31T23:56:53-07:00,NaN,19
projects\projects.js,72,js,b53ff7ef,mmzhang7,2025-10-31,23:56:53,-07:00,2025-10-31T23:56:53-07:00,NaN,70
projects\projects.js,73,js,b53ff7ef,mmzhang7,2025-10-31,23:56:53,-07:00,2025-10-31T23:56:53-07:00,NaN,41
projects\projects.js,74,js,b53ff7ef,mmzhang7,2025-10-31,23:56:53,-07:00,2025-10-31T23:56:53-07:00,NaN,3
projects\projects.js,75,js,b53ff7ef,mmzhang7,2025-10-31,23:56:53,-07:00,2025-10-31T23:56:53-07:00,NaN,1
projects\projects.js,76,js,b53ff7ef,mmzhang7,2025-10-31,23:56:53,-07:00,2025-10-31T23:56:53-07:00,NaN,0
projects\projects.js,77,js,b53ff7ef,mmzhang7,2025-10-31,23:56:53,-07:00,2025-10-31T23:56:53-07:00,NaN,33
projects\projects.js,78,js,b53ff7ef,mmzhang7,2025-10-31,23:56:53,-07:00,2025-10-31T23:56:53-07:00,NaN,53
projects\projects.js,79,js,b53ff7ef,mmzhang7,2025-10-31,23:56:53,-07:00,2025-10-31T23:56:53-07:00,NaN,25
projects\projects.js,80,js,b53ff7ef,mmzhang7,2025-10-31,23:56:53,-07:00,2025-10-31T23:56:53-07:00,NaN,1
projects\projects.js,81,js,b53ff7ef,mmzhang7,2025-10-31,23:56:53,-07:00,2025-10-31T23:56:53-07:00,NaN,0
projects\projects.js,82,js,b53ff7ef,mmzhang7,2025-10-31,23:56:53,-07:00,2025-10-31T23:56:53-07:00,NaN,27
projects\projects.js,83,js,b53ff7ef,mmzhang7,2025-10-31,23:56:53,-07:00,2025-10-31T23:56:53-07:00,NaN,24
projects\projects.js,84,js,b53ff7ef,mmzhang7,2025-10-31,23:56:53,-07:00,2025-10-31T23:56:53-07:00,NaN,12
projects\projects.js,85,js,b53ff7ef,mmzhang7,2025-10-31,23:56:53,-07:00,2025-10-31T23:56:53-07:00,NaN,39
projects\projects.js,86,js,b53ff7ef,mmzhang7,2025-10-31,23:56:53,-07:00,2025-10-31T23:56:53-07:00,NaN,63
projects\projects.js,87,js,b53ff7ef,mmzhang7,2025-10-31,23:56:53,-07:00,2025-10-31T23:56:53-07:00,NaN,44
projects\projects.js,88,js,b53ff7ef,mmzhang7,2025-10-31,23:56:53,-07:00,2025-10-31T23:56:53-07:00,NaN,3
projects\projects.js,89,js,b53ff7ef,mmzhang7,2025-10-31,23:56:53,-07:00,2025-10-31T23:56:53-07:00,NaN,1
projects\projects.js,90,js,b53ff7ef,mmzhang7,2025-10-31,23:56:53,-07:00,2025-10-31T23:56:53-07:00,NaN,57
projects\projects.js,91,js,b53ff7ef,mmzhang7,2025-10-31,23:56:53,-07:00,2025-10-31T23:56:53-07:00,NaN,54
projects\projects.js,92,js,b53ff7ef,mmzhang7,2025-10-31,23:56:53,-07:00,2025-10-31T23:56:53-07:00,NaN,57
projects\projects.js,93,js,b53ff7ef,mmzhang7,2025-10-31,23:56:53,-07:00,2025-10-31T23:56:53-07:00,NaN,1
projects\projects.js,94,js,b53ff7ef,mmzhang7,2025-10-31,23:56:53,-07:00,2025-10-31T23:56:53-07:00,NaN,0
projects\projects.js,95,js,b53ff7ef,mmzhang7,2025-10-31,23:56:53,-07:00,2025-10-31T23:56:53-07:00,NaN,16
projects\projects.js,96,js,b53ff7ef,mmzhang7,2025-10-31,23:56:53,-07:00,2025-10-31T23:56:53-07:00,NaN,1
projects\projects.js,97,js,b53ff7ef,mmzhang7,2025-10-31,23:56:53,-07:00,2025-10-31T23:56:53-07:00,NaN,0
projects\projects.js,98,js,b53ff7ef,mmzhang7,2025-10-31,23:56:53,-07:00,2025-10-31T23:56:53-07:00,NaN,35
projects\projects.js,99,js,b53ff7ef,mmzhang7,2025-10-31,23:56:53,-07:00,2025-10-31T23:56:53-07:00,NaN,42
projects\projects.js,100,js,b53ff7ef,mmzhang7,2025-10-31,23:56:53,-07:00,2025-10-31T23:56:53-07:00,NaN,51
projects\projects.js,101,js,b53ff7ef,mmzhang7,2025-10-31,23:56:53,-07:00,2025-10-31T23:56:53-07:00,NaN,58
projects\projects.js,102,js,b53ff7ef,mmzhang7,2025-10-31,23:56:53,-07:00,2025-10-31T23:56:53-07:00,NaN,25
projects\projects.js,103,js,b53ff7ef,mmzhang7,2025-10-31,23:56:53,-07:00,2025-10-31T23:56:53-07:00,NaN,1
projects\projects.js,104,js,b53ff7ef,mmzhang7,2025-10-31,23:56:53,-07:00,2025-10-31T23:56:53-07:00,NaN,0
projects\projects.js,105,js,b53ff7ef,mmzhang7,2025-10-31,23:56:53,-07:00,2025-10-31T23:56:53-07:00,NaN,36
projects\projects.js,106,js,b53ff7ef,mmzhang7,2025-10-31,23:56:53,-07:00,2025-10-31T23:56:53-07:00,NaN,20
projects\projects.js,107,js,b53ff7ef,mmzhang7,2025-10-31,23:56:53,-07:00,2025-10-31T23:56:53-07:00,NaN,25
projects\projects.js,108,js,b53ff7ef,mmzhang7,2025-10-31,23:56:53,-07:00,2025-10-31T23:56:53-07:00,NaN,1
projects\projects.js,109,js,b53ff7ef,mmzhang7,2025-10-31,23:56:53,-07:00,2025-10-31T23:56:53-07:00,NaN,0
projects\projects.js,110,js,b53ff7ef,mmzhang7,2025-10-31,23:56:53,-07:00,2025-10-31T23:56:53-07:00,NaN,73
projects\projects.js,111,js,b53ff7ef,mmzhang7,2025-10-31,23:56:53,-07:00,2025-10-31T23:56:53-07:00,NaN,0
projects\projects.js,112,js,b53ff7ef,mmzhang7,2025-10-31,23:56:53,-07:00,2025-10-31T23:56:53-07:00,NaN,43
projects\projects.js,113,js,b53ff7ef,mmzhang7,2025-10-31,23:56:53,-07:00,2025-10-31T23:56:53-07:00,NaN,50
projects\projects.js,114,js,b53ff7ef,mmzhang7,2025-10-31,23:56:53,-07:00,2025-10-31T23:56:53-07:00,NaN,25
projects\index.html,1,html,bd512a22,mmzhang7,2025-10-03,23:06:14,-07:00,2025-10-03T23:06:14-07:00,NaN,15
projects\index.html,2,html,bd512a22,mmzhang7,2025-10-03,23:06:14,-07:00,2025-10-03T23:06:14-07:00,NaN,16
projects\index.html,3,html,b53ff7ef,mmzhang7,2025-10-31,23:56:53,-07:00,2025-10-31T23:56:53-07:00,NaN,0
projects\index.html,4,html,bd512a22,mmzhang7,2025-10-03,23:06:14,-07:00,2025-10-03T23:06:14-07:00,NaN,6
projects\index.html,5,html,bd512a22,mmzhang7,2025-10-03,23:06:14,-07:00,2025-10-03T23:06:14-07:00,NaN,22
projects\index.html,6,html,bd512a22,mmzhang7,2025-10-03,23:06:14,-07:00,2025-10-03T23:06:14-07:00,NaN,70
projects\index.html,7,html,bd512a22,mmzhang7,2025-10-03,23:06:14,-07:00,2025-10-03T23:06:14-07:00,NaN,38
projects\index.html,8,html,70d65621,mmzhang7,2025-10-11,23:36:59,-07:00,2025-10-11T23:36:59-07:00,NaN,43
projects\index.html,9,html,b53ff7ef,mmzhang7,2025-10-31,23:56:53,-07:00,2025-10-31T23:56:53-07:00,NaN,0
projects\index.html,10,html,70d65621,mmzhang7,2025-10-11,23:36:59,-07:00,2025-10-11T23:36:59-07:00,NaN,7
projects\index.html,11,html,b53ff7ef,mmzhang7,2025-10-31,23:56:53,-07:00,2025-10-31T23:56:53-07:00,NaN,0
projects\index.html,12,html,70d65621,mmzhang7,2025-10-11,23:36:59,-07:00,2025-10-11T23:36:59-07:00,NaN,6
projects\index.html,13,html,70d65621,mmzhang7,2025-10-11,23:36:59,-07:00,2025-10-11T23:36:59-07:00,NaN,0
projects\index.html,14,html,1567f659,mmzhang7,2025-10-24,21:55:17,-07:00,2025-10-24T21:55:17-07:00,NaN,40
projects\index.html,15,html,b53ff7ef,mmzhang7,2025-10-31,23:56:53,-07:00,2025-10-31T23:56:53-07:00,NaN,0
projects\index.html,16,html,b53ff7ef,mmzhang7,2025-10-31,23:56:53,-07:00,2025-10-31T23:56:53-07:00,NaN,29
projects\index.html,17,html,b53ff7ef,mmzhang7,2025-10-31,23:56:53,-07:00,2025-10-31T23:56:53-07:00,NaN,54
projects\index.html,18,html,b53ff7ef,mmzhang7,2025-10-31,23:56:53,-07:00,2025-10-31T23:56:53-07:00,NaN,6
projects\index.html,19,html,b53ff7ef,mmzhang7,2025-10-31,23:56:53,-07:00,2025-10-31T23:56:53-07:00,NaN,24
projects\index.html,20,html,b53ff7ef,mmzhang7,2025-10-31,23:56:53,-07:00,2025-10-31T23:56:53-07:00,NaN,6
projects\index.html,21,html,b53ff7ef,mmzhang7,2025-10-31,23:56:53,-07:00,2025-10-31T23:56:53-07:00,NaN,104
projects\index.html,22,html,b53ff7ef,mmzhang7,2025-10-31,23:56:53,-07:00,2025-10-31T23:56:53-07:00,NaN,0
projects\index.html,23,html,b53ff7ef,mmzhang7,2025-10-31,23:56:53,-07:00,2025-10-31T23:56:53-07:00,NaN,52
projects\index.html,24,html,1567f659,mmzhang7,2025-10-24,21:55:17,-07:00,2025-10-24T21:55:17-07:00,NaN,24
projects\index.html,25,html,b53ff7ef,mmzhang7,2025-10-31,23:56:53,-07:00,2025-10-31T23:56:53-07:00,NaN,0
projects\index.html,26,html,70d65621,mmzhang7,2025-10-11,23:36:59,-07:00,2025-10-11T23:36:59-07:00,NaN,22
projects\index.html,27,html,b53ff7ef,mmzhang7,2025-10-31,23:56:53,-07:00,2025-10-31T23:56:53-07:00,NaN,51
projects\index.html,28,html,70d65621,mmzhang7,2025-10-11,23:36:59,-07:00,2025-10-11T23:36:59-07:00,NaN,6
projects\index.html,29,html,b53ff7ef,mmzhang7,2025-10-31,23:56:53,-07:00,2025-10-31T23:56:53-07:00,NaN,0
projects\index.html,30,html,1567f659,mmzhang7,2025-10-24,21:55:17,-07:00,2025-10-24T21:55:17-07:00,NaN,50
projects\index.html,31,html,1567f659,mmzhang7,2025-10-24,21:55:17,-07:00,2025-10-24T21:55:17-07:00,NaN,49
projects\index.html,32,html,1567f659,mmzhang7,2025-10-24,21:55:17,-07:00,2025-10-24T21:55:17-07:00,NaN,55
projects\index.html,33,html,bd512a22,mmzhang7,2025-10-03,23:06:14,-07:00,2025-10-03T23:06:14-07:00,NaN,7
projects\index.html,34,html,b53ff7ef,mmzhang7,2025-10-31,23:56:53,-07:00,2025-10-31T23:56:53-07:00,NaN,0
projects\index.html,35,html,bd512a22,mmzhang7,2025-10-03,23:06:14,-07:00,2025-10-03T23:06:14-07:00,NaN,7
contact\index.html,1,html,bd512a22,mmzhang7,2025-10-03,23:06:14,-07:00,2025-10-03T23:06:14-07:00,NaN,15
contact\index.html,2,html,bd512a22,mmzhang7,2025-10-03,23:06:14,-07:00,2025-10-03T23:06:14-07:00,NaN,16
contact\index.html,3,html,bd512a22,mmzhang7,2025-10-03,23:06:14,-07:00,2025-10-03T23:06:14-07:00,NaN,6
contact\index.html,4,html,bd512a22,mmzhang7,2025-10-03,23:06:14,-07:00,2025-10-03T23:06:14-07:00,NaN,22
contact\index.html,5,html,bd512a22,mmzhang7,2025-10-03,23:06:14,-07:00,2025-10-03T23:06:14-07:00,NaN,70
contact\index.html,6,html,bd512a22,mmzhang7,2025-10-03,23:06:14,-07:00,2025-10-03T23:06:14-07:00,NaN,37
contact\index.html,7,html,70d65621,mmzhang7,2025-10-11,23:36:59,-07:00,2025-10-11T23:36:59-07:00,NaN,43
contact\index.html,8,html,70d65621,mmzhang7,2025-10-11,23:36:59,-07:00,2025-10-11T23:36:59-07:00,NaN,0
contact\index.html,9,html,70d65621,mmzhang7,2025-10-11,23:36:59,-07:00,2025-10-11T23:36:59-07:00,NaN,7
contact\index.html,10,html,70d65621,mmzhang7,2025-10-11,23:36:59,-07:00,2025-10-11T23:36:59-07:00,NaN,6
contact\index.html,11,html,bd512a22,mmzhang7,2025-10-03,23:06:14,-07:00,2025-10-03T23:06:14-07:00,NaN,5
contact\index.html,12,html,bd512a22,mmzhang7,2025-10-03,23:06:14,-07:00,2025-10-03T23:06:14-07:00,NaN,4
contact\index.html,13,html,cfaa314a,mmzhang7,2025-10-17,20:15:12,-07:00,2025-10-17T20:15:12-07:00,NaN,48
contact\index.html,14,html,bd512a22,mmzhang7,2025-10-03,23:06:14,-07:00,2025-10-03T23:06:14-07:00,NaN,52
contact\index.html,15,html,cfaa314a,mmzhang7,2025-10-17,20:15:12,-07:00,2025-10-17T20:15:12-07:00,NaN,61
contact\index.html,16,html,cfaa314a,mmzhang7,2025-10-17,20:15:12,-07:00,2025-10-17T20:15:12-07:00,NaN,77
contact\index.html,17,html,cfaa314a,mmzhang7,2025-10-17,20:15:12,-07:00,2025-10-17T20:15:12-07:00,NaN,81
contact\index.html,18,html,cfaa314a,mmzhang7,2025-10-17,20:15:12,-07:00,2025-10-17T20:15:12-07:00,NaN,57
contact\index.html,19,html,bd512a22,mmzhang7,2025-10-03,23:06:14,-07:00,2025-10-03T23:06:14-07:00,NaN,5
contact\index.html,20,html,70d65621,mmzhang7,2025-10-11,23:36:59,-07:00,2025-10-11T23:36:59-07:00,NaN,6
contact\index.html,21,html,9ca3a91d,mmzhang7,2025-10-17,22:09:19,-07:00,2025-10-17T22:09:19-07:00,NaN,51
contact\index.html,22,html,bd512a22,mmzhang7,2025-10-03,23:06:14,-07:00,2025-10-03T23:06:14-07:00,NaN,79
contact\index.html,23,html,bd512a22,mmzhang7,2025-10-03,23:06:14,-07:00,2025-10-03T23:06:14-07:00,NaN,88
contact\index.html,24,html,70d65621,mmzhang7,2025-10-11,23:36:59,-07:00,2025-10-11T23:36:59-07:00,NaN,35
contact\index.html,25,html,bd512a22,mmzhang7,2025-10-03,23:06:14,-07:00,2025-10-03T23:06:14-07:00,NaN,7
contact\index.html,26,html,d4576d93,mmzhang7,2025-10-17,19:43:58,-07:00,2025-10-17T19:43:58-07:00,NaN,50
contact\index.html,27,html,bd512a22,mmzhang7,2025-10-03,23:06:14,-07:00,2025-10-03T23:06:14-07:00,NaN,7
contact\index.html,28,html,bd512a22,mmzhang7,2025-10-03,23:06:14,-07:00,2025-10-03T23:06:14-07:00,NaN,7
